algorithm,lattice,n_nodes,width,visual_chain_linearity,node_edge_conflict,crossing_angle,edge_crossing,layer_consistency,visual_layer_x,visual_layer_y,slope_harmony,slope_standard,nested_suitability
aeschlimann_schmid,ben_and_jerry_ice_cream,16,6,0.5720233499743251,0.977947989801909,0.7239362381963518,0.9302325581395349,1.0,1.0,0.7142857142857143,0.5895827111248169,0.5940617152768669,0.34205892844694463
aeschlimann_schmid,bodiesofwater,12,4,0.60418212773612,0.9999062214520215,0.590334470601733,1.0,1.0,1.0,0.7142857142857143,0.6616610911902796,0.5971488204816098,0.9136675756598552
aeschlimann_schmid,car,24,8,0.5639678053704338,0.9789946957633038,0.49357886206896895,0.9467084639498433,1.0,1.0,0.7142857142857143,0.7041546908219064,0.5458798725978735,0.4506881531169864
aeschlimann_schmid,cn3,8,3,0.5301114902005777,0.9999379646629709,0.590334470601733,1.0,1.0,1.0,1.0,0.7438478550696797,0.5828654228350096,0.9188235613699611
aeschlimann_schmid,cn4,16,6,0.5279036228730275,0.972111833530012,0.5560380459756273,0.9285714285714286,1.0,1.0,1.0,0.6300796494570837,0.4974427243923255,0.7351638329400396
aeschlimann_schmid,cn5,32,10,0.5235312944987986,0.9457094257718127,0.4151059299604344,0.9276381909547738,1.0,1.0,1.0,0.7275757849452671,0.5660105380526974,0.304008523718296
aeschlimann_schmid,cn6,32,10,0.5235312944987986,0.9457094257718127,0.4151059299604344,0.9276381909547738,1.0,1.0,1.0,0.7275757849452671,0.5660105380526974,0.304008523718296
aeschlimann_schmid,convex_ordinal,37,11,0.5750033410513966,0.9789522105500298,0.49250362757521726,0.9714828897338403,1.0,1.0,1.0,0.7165918051308964,0.5370268103773125,0.0
aeschlimann_schmid,forum_romanum,19,4,0.6571001849468305,0.9943998342272777,0.7400955630290666,1.0,1.0,1.0,0.7777777777777778,0.5888690680922252,0.7472122090500434,0.0
aeschlimann_schmid,futtertabelle,16,6,0.5264558531182605,0.9699080301932863,0.5657730141599893,0.84375,1.0,1.0,0.6666666666666667,0.6396002390218434,0.5581177085888896,0.0
aeschlimann_schmid,icfca100_0,26,20,0.3269848146920758,0.8104006095323347,0.06896416885057133,1.0,1.0,1.0,0.0,0.8551558104992991,0.56834922656377,0.05277380157221978
aeschlimann_schmid,icfca100_1,25,22,0.19024659344705822,0.7797806993031053,1.0,1.0,1.0,1.0,0.0,0.8583651408115343,0.6052346345268624,0.04478952628751276
aeschlimann_schmid,icfca100_2,25,22,0.19024659344705822,0.7797806993031053,1.0,1.0,1.0,1.0,0.0,0.8583651408115343,0.6052346345268624,0.04478952628751276
aeschlimann_schmid,icfca100_3,26,24,0.10575694127550696,0.7338936897197388,1.0,1.0,1.0,1.0,0.0,0.8537699960904722,0.7015957928769414,0.037154101599678246
aeschlimann_schmid,jektivitaeten,21,7,0.5265529749303922,0.9681571366503983,0.5556519915169329,0.9289340101522843,1.0,1.0,0.7142857142857143,0.6474376872846148,0.5192879441919647,0.0
aeschlimann_schmid,linear_extensions,10,4,0.5368959044126084,0.9926959375612522,0.590334470601733,0.9166666666666666,1.0,1.0,1.0,0.5235902344426084,0.5269365512881143,0.8547354110926636
aeschlimann_schmid,living_beings_and_water,19,6,0.6696804791750163,0.9904725300841941,0.7841387941165222,0.9913793103448276,1.0,1.0,0.7142857142857143,0.8363817071631576,0.8314310360350294,0.0
aeschlimann_schmid,mushroom15_0,10,4,0.6711198800965179,0.9992995739453608,1.0,1.0,1.0,1.0,0.8,0.5769826358974592,0.7977995290379449,0.9336216016726331
aeschlimann_schmid,mushroom15_1,22,8,0.5801562072457691,0.9744570382610491,0.533915460673747,0.96,1.0,1.0,0.625,0.7180259180567088,0.5023987625454711,0.0
aeschlimann_schmid,mushroom15_2,19,8,0.5192406521108216,0.9646726871182542,0.5761180985764127,0.8765432098765432,1.0,1.0,0.8,0.6175846503459619,0.4216130850130927,0.0
aeschlimann_schmid,mushroom15_3,11,5,0.5905864594734931,0.9709737659273961,0.6385296650890377,1.0,0.7272727272727273,1.0,0.6666666666666667,0.41194574963437935,0.6969404191593973,0.0
aeschlimann_schmid,mushroom15_4,22,8,0.5323560754179533,0.9744628371596298,0.6132215531434315,0.9294117647058824,0.8373768743636517,1.0,0.625,0.6144988319120743,0.5925424646283328,0.0
aeschlimann_schmid,mushroom15_5,34,10,0.6065134680622308,0.983524107404857,0.6067785893145722,0.9672386895475819,0.5292061428823989,1.0,0.5833333333333333,0.7397585364637997,0.5675551988157701,0.0
aeschlimann_schmid,mushroom15_6,20,8,0.5623168738136834,0.9769536477260768,0.6581005278359935,0.9787234042553191,0.86,1.0,0.7142857142857143,0.5957638747107412,0.5684927587678755,0.0
aeschlimann_schmid,mushroom15_7,19,9,0.5427922509233811,0.9601576669893725,0.523492796527298,0.9315068493150684,0.888351560865282,1.0,0.6666666666666667,0.6991947884825457,0.5302120508673227,0.0
aeschlimann_schmid,mushroom15_8,11,4,0.6483480992856867,0.9856961813340778,0.8012081911747834,1.0,1.0,1.0,0.6666666666666667,0.47138241084857635,0.7773819064885245,0.0
aeschlimann_schmid,mushroom15_9,32,11,0.6181574626332342,0.9836614579690537,0.6391238734377807,0.9844559585492227,0.4881027539194692,1.0,0.6,0.7044885153890398,0.5913087431824182,0.0
aeschlimann_schmid,papier,16,4,0.5814077588246591,0.9937807600762928,0.6064436862655114,0.9428571428571428,1.0,1.0,1.0,0.6942773125668127,0.6357513815728962,0.8694065405568168
aeschlimann_schmid,part4,15,7,0.46322665762435833,0.9349858509841148,0.4119333574116082,0.7833333333333333,1.0,1.0,1.0,0.7321168069569413,0.49598288219467024,0.44153514723805487
aeschlimann_schmid,random0,25,6,0.5879280029660444,0.987581037077648,0.5666707269239584,0.953125,1.0,1.0,0.6,0.742323915742678,0.5792272333633182,0.0
aeschlimann_schmid,random1,24,7,0.6184472380052901,0.9825066869825647,0.6597786825174252,0.9656652360515021,0.5710185434277331,1.0,0.6363636363636364,0.677364955011902,0.6406286117024811,0.31680451422455325
aeschlimann_schmid,random10_0,12,5,0.6243821211474254,0.9907672160649994,1.0,1.0,1.0,1.0,1.0,0.6399589383781511,0.5836747110839968,0.8244454908815224
aeschlimann_schmid,random10_1,16,7,0.5308243910932632,0.9579207693718298,0.5584537816811295,0.8571428571428572,0.8125,1.0,0.6666666666666667,0.5803097189092483,0.5156611252170743,0.0
aeschlimann_schmid,random10_2,15,5,0.5823649896265772,0.9867363988621796,0.7121386651232771,1.0,1.0,1.0,0.6666666666666667,0.6797506255969338,0.6210447222830613,0.37827802609169947
aeschlimann_schmid,random10_3,19,7,0.5678470212746765,0.9742842971844365,0.6260944330500448,0.9387755102040817,1.0,1.0,0.6666666666666667,0.655960638885094,0.5726259546092489,0.0
aeschlimann_schmid,random10_4,16,6,0.5840629707392744,0.9792300478524709,0.5391662604993811,0.9649122807017544,0.7585786437626905,1.0,0.625,0.5678691678618164,0.555787154084632,0.0
aeschlimann_schmid,random10_5,11,6,0.5281759405491797,0.9551932944526664,0.5488745039443949,1.0,1.0,1.0,0.8,0.42218046888521676,0.5571179430858326,0.4145067465719936
aeschlimann_schmid,random10_6,13,6,0.5304158861686499,0.9698756867626385,0.5861466122465073,0.95,0.8368215120338737,1.0,0.6666666666666667,0.6246349162957918,0.4832693668986441,0.31839747133678786
aeschlimann_schmid,random10_7,17,6,0.5518919376485558,0.9789953381164939,0.5418190482445386,0.95,1.0,1.0,0.8,0.6626615318774232,0.5032689784289093,0.0
aeschlimann_schmid,random10_8,29,12,0.4800700171160301,0.9200683322060347,0.37743431592854915,0.8882466281310212,1.0,0.335778174889077,0.0,0.7780205027268545,0.523135310902669,0.10025104436930266
aeschlimann_schmid,random10_9,11,5,0.585781504575792,0.9659210622805222,0.6817224117669556,1.0,0.7272727272727273,1.0,0.6666666666666667,0.5999871013921343,0.6595963699274372,0.0
aeschlimann_schmid,random2,19,6,0.5716307684650725,0.9850128602556544,0.6081412970544366,0.912621359223301,0.8526315789473684,1.0,0.7142857142857143,0.5463459096173895,0.5412938068636395,0.5120382368878906
aeschlimann_schmid,random3,25,8,0.5400269981420444,0.9682381334646548,0.47116758142611925,0.9278996865203761,1.0,1.0,1.0,0.7293947309181287,0.4790158983529965,0.3726446059053007
aeschlimann_schmid,random4,12,4,0.7015397252455576,1.0,1.0,1.0,1.0,1.0,1.0,0.7670941317676733,0.948070410389042,0.9560585931542974
aeschlimann_schmid,random5,14,4,0.6188684165445123,0.9966961762982158,0.6,0.96875,1.0,1.0,0.625,0.5023423250950019,0.6307643573736386,0.8819544533082637
aeschlimann_schmid,random5_0,12,4,0.5933657116415954,0.9998154860767875,0.590334470601733,1.0,1.0,1.0,1.0,0.796088486462045,0.5620086939767601,0.9095731228097551
aeschlimann_schmid,random5_1,7,3,0.628226231092919,0.9957963392956835,1.0,1.0,1.0,1.0,0.8,0.41666666666666663,0.8757121782679788,0.9468657718079361
aeschlimann_schmid,random5_2,11,4,0.5832085487653758,0.9964844963688952,0.590334470601733,0.9375,1.0,1.0,0.6666666666666667,0.448448177627355,0.5933519459745581,0.8648944067331935
aeschlimann_schmid,random5_3,10,3,0.6434479505293343,0.9818547501805528,0.6024163823495667,1.0,1.0,1.0,0.6666666666666667,0.6834718782933941,0.8529930181519143,0.0
aeschlimann_schmid,random5_4,9,3,0.7083333310973735,1.0,1.0,1.0,1.0,1.0,0.8333333333333334,0.8729568798082977,1.0,0.9822059528491996
aeschlimann_schmid,random5_5,11,4,0.584789354129135,0.9896082703844049,0.5602229804011554,1.0,0.6707890596763961,1.0,0.6666666666666667,0.40819983214134403,0.6518403326719799,0.5715191696749073
aeschlimann_schmid,random5_6,10,4,0.5767111020798961,0.9916666666666667,0.6475836176504333,1.0,1.0,1.0,0.8,0.6417659526429426,0.6662923382680077,0.0
aeschlimann_schmid,random5_7,11,4,0.5853336576283162,0.9998841662992587,0.590334470601733,1.0,1.0,1.0,1.0,0.691551497135781,0.5951340868692742,0.9133344416836973
aeschlimann_schmid,random5_8,12,4,0.5933657116415954,0.9998154860767875,0.590334470601733,1.0,1.0,1.0,1.0,0.796088486462045,0.5620086939767601,0.9095731228097551
aeschlimann_schmid,random5_9,9,4,0.5518454406997467,0.9962019439034777,0.590334470601733,1.0,1.0,1.0,1.0,0.5329228847489869,0.5509060676653552,0.8821704216201054
aeschlimann_schmid,random6,21,8,0.5576467048719186,0.9714500507806301,0.5433349585722719,0.9381443298969072,1.0,1.0,1.0,0.655059597881541,0.46929431160546375,0.4358090737369601
aeschlimann_schmid,random7,17,6,0.6212942792918014,0.9816482948981449,0.5439701314809189,0.9534883720930233,1.0,1.0,0.6666666666666667,0.6739791463529698,0.5441466421839473,0.0
aeschlimann_schmid,random8,15,6,0.6405655419826999,0.9892415691392288,0.718296506024859,0.9696969696969697,1.0,1.0,0.625,0.58213722577606,0.7765037311804631,0.0
aeschlimann_schmid,random9,25,8,0.6379661268483543,0.9869285460955677,0.5889978292194402,0.9616613418530351,1.0,1.0,0.6,0.6750598241104503,0.6349864227187234,0.0
aeschlimann_schmid,randomsmall0,12,4,0.5818230940853591,0.9974108754140307,0.6475836176504333,0.9333333333333333,1.0,1.0,1.0,0.5764956758415238,0.6032253271484211,0.9016452360331004
aeschlimann_schmid,randomsmall1,9,3,0.6302116025252047,0.9670189817211902,0.8,1.0,1.0,1.0,0.6666666666666667,0.7321225756831439,0.9037381745003868,0.0
aeschlimann_schmid,randomsmall2,19,6,0.602682860935699,0.9901077993875557,0.5366451723924758,0.9574468085106383,1.0,1.0,1.0,0.6353087747252966,0.5953223143510097,0.7039466903096435
aeschlimann_schmid,randomsmall3,10,3,0.6002271519643463,1.0,0.590334470601733,1.0,1.0,1.0,1.0,0.6417659526429426,0.6662923382680077,0.9427786329423322
aeschlimann_schmid,randomsmall4,13,4,0.6163500493289262,0.9882408417105545,0.7709443193963337,0.96,0.7028660230925422,1.0,0.625,0.42411081194902744,0.7006040451102369,0.5727835426149599
aeschlimann_schmid,randomsmall5,15,5,0.606042480714468,0.9905210847757595,0.605299072876512,0.9423076923076923,1.0,1.0,0.8,0.5823577450422002,0.645444740574785,0.7785332315707127
aeschlimann_schmid,randomsmall6,11,4,0.6504264188363048,0.9931530730280631,0.6666666666666667,0.9285714285714286,1.0,1.0,0.6666666666666667,0.5752765871924419,0.7364054453951412,0.8098929043853452
aeschlimann_schmid,randomsmall7,15,5,0.5644965240049682,0.9740894192545011,0.5907558588271289,0.875,0.6266666666666667,1.0,0.7142857142857143,0.5322339660549937,0.5741047237751428,0.0
aeschlimann_schmid,randomsmall8,12,5,0.5909651603448136,0.9804309543824615,0.6536929306434827,0.9444444444444444,1.0,1.0,0.6666666666666667,0.5671027945448895,0.6407980450725992,0.0
aeschlimann_schmid,randomsmall9,17,5,0.6467018672907928,0.9961928955499275,0.6967781568672444,1.0,1.0,1.0,0.7142857142857143,0.5984021544834666,0.7061392643905227,0.8315547638106043
aeschlimann_schmid,therapie,23,6,0.6139178844723104,0.9898443794007622,0.6307291439598586,0.9471153846153846,1.0,1.0,0.6666666666666667,0.6002157015059562,0.6794915599010756,0.0
aeschlimann_schmid,top_level_categories,37,16,0.5002565199755298,0.9181057919280625,0.32352746171951186,0.9089635854341737,1.0,0.517456561990246,0.0,0.7956915195461176,0.5225155234852927,0.0
aeschlimann_schmid,triangles,18,5,0.6059647801425273,0.9933574768356517,0.6291666501526245,0.9701492537313433,1.0,1.0,0.7142857142857143,0.592371604499763,0.5901738328146082,0.5747068356896441
aeschlimann_schmid,wiki44k_40_0,15,7,0.6187552782681333,0.9828369895640209,0.7951672353008665,1.0,1.0,1.0,0.6666666666666667,0.5790673364536247,0.5729579650637455,0.49394430384812993
aeschlimann_schmid,wiki44k_40_1,22,10,0.6325774046702515,0.9598449120788681,0.5857366913517079,0.9484536082474226,0.42552876468608325,1.0,0.625,0.5292286915669042,0.6075595753319625,0.0
aeschlimann_schmid,wiki44k_40_2,11,7,0.48483461664654803,0.9397302450951222,0.2951672353008665,1.0,1.0,1.0,0.75,0.5548402344426084,0.4922983165015564,0.0
aeschlimann_schmid,wiki44k_40_3,17,8,0.681340571228831,0.9865945205044573,0.6180668941203467,1.0,0.6135244404988158,1.0,1.0,0.4467617369734733,0.7329079393565595,0.0
aeschlimann_schmid,wiki44k_40_4,20,10,0.6509277908608672,0.9677456152760995,0.41660926462058234,1.0,1.0,1.0,0.7142857142857143,0.5353662857216167,0.524515582783028,0.0
aeschlimann_schmid,wiki44k_40_5,18,8,0.578041007175823,0.957146208614718,0.48315804002313467,1.0,1.0,1.0,1.0,0.6658791203815672,0.5493540186240472,0.0
aeschlimann_schmid,wiki44k_40_6,17,7,0.5860188725399424,0.9762430103996069,0.718652753584913,1.0,0.6943439751349041,1.0,0.6666666666666667,0.5528234023155438,0.5895041395928982,0.0
aeschlimann_schmid,wiki44k_40_7,22,11,0.6467116208973499,0.9713708444112389,0.5533382761945449,0.9818181818181818,0.6733855032340834,1.0,0.625,0.6550613184726524,0.5244071573919562,0.0
aeschlimann_schmid,wiki44k_40_8,29,16,0.5139806472936324,0.8981021022991361,0.37399206872195456,0.9285714285714286,0.710344827586207,0.2794416160025157,0.0,0.8334181797774196,0.46931197782689926,0.0
aeschlimann_schmid,wiki44k_40_9,22,10,0.6603067370437546,0.9794909471576382,0.7105858704238359,0.9871794871794872,0.542077429744051,1.0,0.6666666666666667,0.5412550528287672,0.5964489080347339,0.3160571391158433
aeschlimann_schmid,wiki44k_50_0,31,15,0.5460797111746719,0.9581150117291694,0.569208662517405,0.9527896995708155,0.6225256561053941,1.0,0.6666666666666667,0.6048725398681123,0.5421208513010302,0.0
aeschlimann_schmid,wiki44k_50_1,30,13,0.6029093079659958,0.9634624424212149,0.5718595699748021,0.9216589861751152,0.3524100375821656,1.0,0.6363636363636364,0.6483439794757292,0.5579041497744223,0.0
aeschlimann_schmid,wiki44k_50_2,25,13,0.6384595171543347,0.974714495113217,0.7578125797641084,0.9826086956521739,0.24712713106375928,1.0,0.625,0.5256109563999118,0.6344727650687079,0.0
aeschlimann_schmid,wiki44k_50_3,49,19,0.5602831440584194,0.9419151346210844,0.4500048029201523,0.9557907845579079,0.5799665075035767,0.2923286488311022,0.0,0.8396810656456054,0.5617811288177623,0.0
aeschlimann_schmid,wiki44k_50_4,28,14,0.6255005705422203,0.9571537685200548,0.6026053130350658,0.9111111111111111,0.6254979579510052,1.0,0.6666666666666667,0.6779249475537943,0.5639424141531122,0.0
aeschlimann_schmid,wiki44k_50_5,19,9,0.5997590205372777,0.9554624685037731,0.5861054227982698,0.8888888888888888,0.6034890147457626,1.0,0.625,0.5621103311353823,0.646565958190902,0.0
aeschlimann_schmid,wiki44k_50_6,27,14,0.5319064370278654,0.9153190599807917,0.2932132825698013,0.9426229508196722,1.0,0.30658512534996996,0.0,0.7803471769629859,0.5505407148436472,0.0
aeschlimann_schmid,wiki44k_50_7,32,14,0.6456459500397895,0.9729381694995642,0.573858891012879,0.9770992366412213,0.37191770870659036,1.0,0.6363636363636364,0.6018532244734041,0.6052695451671052,0.0
aeschlimann_schmid,wiki44k_50_8,24,10,0.7138634337230312,0.9849420003829803,0.6307312159436496,1.0,0.5912556692957611,1.0,0.6363636363636364,0.5487655576754158,0.6887774443255481,0.0
aeschlimann_schmid,wiki44k_50_9,20,10,0.5871494065893366,0.9619996811465374,0.581438985535259,1.0,1.0,1.0,0.6666666666666667,0.759698124960239,0.4797840498969148,0.2643250231912909
aeschlimann_schmid,zoo10_0,13,4,0.6288938597904212,0.9952867814359221,0.7048327646991335,0.9411764705882353,1.0,1.0,0.625,0.6569091923539654,0.7721575631482706,0.8810379249364978
aeschlimann_schmid,zoo10_1,13,5,0.5803934315809839,0.9926026275569609,0.6475836176504333,0.9565217391304348,1.0,1.0,0.8,0.5345151996650528,0.5975324665344545,0.5733840842906006
aeschlimann_schmid,zoo10_2,14,6,0.6171224246798479,0.9867434052235958,0.5097749007888788,0.9444444444444444,1.0,1.0,0.8,0.6591868886031946,0.6736221134704041,0.5302702357834983
aeschlimann_schmid,zoo10_3,14,6,0.5504554798031401,0.9749944880646264,0.5524433919091103,0.962962962962963,1.0,1.0,0.8,0.7170509286693044,0.4557542106518814,0.0
aeschlimann_schmid,zoo10_4,11,4,0.6676946400443265,0.9967630688779351,1.0,1.0,1.0,1.0,0.7142857142857143,0.5376786514872811,0.8160060919580838,0.8686713233889959
aeschlimann_schmid,zoo10_5,12,4,0.6539583410744807,0.9855297327066261,0.6228996588194801,0.9444444444444444,1.0,1.0,0.625,0.6264374591388273,0.8449886102311714,0.0
aeschlimann_schmid,zoo10_6,10,4,0.686493174021014,0.9975177775741224,1.0,1.0,1.0,1.0,0.6666666666666667,0.49890120817351324,0.7791224483770287,0.8986161346596495
aeschlimann_schmid,zoo10_7,7,3,0.6622145294146572,0.9991718930559829,1.0,1.0,1.0,1.0,0.75,0.5608264476190733,0.7219102818900065,0.934601639324685
aeschlimann_schmid,zoo10_8,8,3,0.63855017059026,1.0,1.0,1.0,1.0,1.0,1.0,0.5678715427759161,0.7724720488190961,0.9585562961290575
aeschlimann_schmid,zoo10_9,26,7,0.6019751506153845,0.9795590427475453,0.6055952076403809,0.9477124183006536,1.0,1.0,0.6,0.6488746962530094,0.6094588294658596,0.0
cole_ducrou_eklund,ben_and_jerry_ice_cream,16,6,0.6419672997804923,0.9898205123253164,0.7402309423743072,0.9302325581395349,0.8484455543377233,1.0,0.7142857142857143,0.5957932275350305,0.7581801902813452,0.5751007933643906
cole_ducrou_eklund,bodiesofwater,12,4,0.7499999987803855,1.0,1.0,1.0,1.0,1.0,0.7142857142857143,0.7797812109961534,1.0,0.9995782000472723
cole_ducrou_eklund,car,24,8,0.6105093896934766,0.9837177272184873,0.6119345005603506,0.9655172413793104,1.0,1.0,0.7142857142857143,0.7127582846458818,0.5915156439129247,0.4887130510200205
cole_ducrou_eklund,cn3,8,3,0.6666666666666666,1.0,1.0,1.0,1.0,1.0,1.0,0.7438478550696797,1.0,1.0
cole_ducrou_eklund,cn4,16,6,0.6059169509837666,0.9879523078990137,0.677424759364424,0.9285714285714286,1.0,1.0,1.0,0.7,0.6871490671262572,0.8960943999766696
cole_ducrou_eklund,cn5,32,10,0.5660997362154271,0.9729972064257117,0.5917518431958435,0.9276381909547738,1.0,1.0,1.0,0.695990200135042,0.6922397431312112,0.3784059913848593
cole_ducrou_eklund,cn6,32,10,0.5660997362154271,0.9729972064257117,0.5917518431958435,0.9276381909547738,1.0,1.0,1.0,0.695990200135042,0.6922397431312112,0.3784059913848593
cole_ducrou_eklund,convex_ordinal,37,11,0.6499328100903958,0.9924367366683349,0.646027628407241,0.9771863117870723,1.0,1.0,1.0,0.7192821682398611,0.6526935864000133,0.46564337705940906
cole_ducrou_eklund,forum_romanum,19,4,0.700466742037368,0.9974570298589348,0.8483890784336222,1.0,0.8827935543750384,1.0,0.7777777777777778,0.6608074731189142,0.8819159349279513,0.7881224187426769
cole_ducrou_eklund,futtertabelle,16,6,0.6649540206780816,0.9728936295313388,0.4964231486110099,0.90625,1.0,1.0,0.6666666666666667,0.46843781080270097,0.6893877186693834,0.40747342832084077
cole_ducrou_eklund,jektivitaeten,21,7,0.6339983288424915,0.9818110469586232,0.6534653306865703,0.9137055837563451,1.0,1.0,0.7142857142857143,0.6943732440567754,0.7774391140861161,0.38762465280886793
cole_ducrou_eklund,linear_extensions,10,4,0.5737918079867318,0.9875816083828185,0.7268896470678221,0.9166666666666666,1.0,1.0,1.0,0.6485902344426084,0.6461491758164036,0.8408619225477493
cole_ducrou_eklund,living_beings_and_water,19,6,0.733959341889098,0.9923335769081372,0.8637081911747834,0.9913793103448276,1.0,1.0,0.7142857142857143,0.6728217778400202,0.8478303016784361,0.8424851827777499
cole_ducrou_eklund,mushroom15_0,10,4,0.7343749983230301,0.999995386859626,1.0,1.0,1.0,1.0,0.8,0.803119154214712,1.0,0.9926708138158701
cole_ducrou_eklund,mushroom15_1,22,8,0.6490162580315206,0.9829379542247285,0.8074050851478185,0.9657142857142857,0.8218552914339508,1.0,0.625,0.7173651167052277,0.7179721222409514,0.36448103414501976
cole_ducrou_eklund,mushroom15_2,19,8,0.6938466845249637,0.9886530983121534,0.7623183369002363,0.9506172839506173,1.0,1.0,0.8,0.5470492527729034,0.7515933239483953,0.6340678452239867
cole_ducrou_eklund,mushroom15_3,11,5,0.633511832989307,0.984129620175159,1.0,1.0,0.8636363636363636,1.0,0.6666666666666667,0.5625,0.7581670884367615,0.7799659947774561
cole_ducrou_eklund,mushroom15_4,22,8,0.6172968701261428,0.9678152198847267,0.6079134805369528,0.9411764705882353,0.9272727272727272,1.0,0.625,0.6475907071913289,0.6087026702232136,0.18729135320135115
cole_ducrou_eklund,mushroom15_5,34,10,0.578194235865655,0.9694603757747479,0.5183436166047322,0.9329173166926678,0.6557095567354863,1.0,0.5833333333333333,0.6835948676608516,0.5825104621568099,0.21858663895222563
cole_ducrou_eklund,mushroom15_6,20,8,0.6780140003684832,0.98311865122251,0.6981513100486385,0.9787234042553191,0.8591708755282361,1.0,0.7142857142857143,0.5806371579094656,0.7630976840386435,0.43389723129521274
cole_ducrou_eklund,mushroom15_7,19,9,0.6630987232138463,0.9820207728829333,0.8188114022723867,0.9315068493150684,0.8421052631578947,1.0,0.6666666666666667,0.6257787027932027,0.7560606319690073,0.5324613935735916
cole_ducrou_eklund,mushroom15_8,11,4,0.6215394490406063,0.9883553026582964,0.7268896470678221,0.9375,1.0,1.0,0.6666666666666667,0.6933800679935567,0.7423580552804472,0.8259409915637791
cole_ducrou_eklund,mushroom15_9,32,11,0.6727362190991766,0.9803416898027002,0.6961388949015125,0.9689119170984456,0.44495550783893856,1.0,0.6,0.7279397012604443,0.6979116980556914,0.36930705912225026
cole_ducrou_eklund,papier,16,4,0.7633926710541412,0.995221948547129,0.7048327646991335,1.0,1.0,1.0,1.0,0.6717030613483391,0.8377809977691705,0.9599499498727907
cole_ducrou_eklund,part4,15,7,0.5048479530454305,0.9427346918351142,0.5369702221477073,0.7833333333333333,1.0,1.0,1.0,0.6225774061325873,0.5547072099109198,0.29653837522008963
cole_ducrou_eklund,random0,25,6,0.6925584265000602,0.9943940287173214,0.781512733030636,0.98046875,1.0,1.0,0.6,0.7367978121202575,0.8092598007547371,0.7118399504285731
cole_ducrou_eklund,random1,24,7,0.6555500481633993,0.9805661989059897,0.646371438037546,0.9527896995708155,0.6224963182164049,1.0,0.6363636363636364,0.6676880112845347,0.6375880157773405,0.5164681491034575
cole_ducrou_eklund,random10_0,12,5,0.6313102221067939,0.979264517203586,1.0,1.0,1.0,1.0,1.0,0.5193386636094887,0.6382939294314391,0.6477182396935364
cole_ducrou_eklund,random10_1,16,7,0.5538377926074651,0.9634176756837984,0.6601825443355089,0.7346938775510203,0.90625,1.0,0.6666666666666667,0.5075438083873396,0.6819557890642187,0.4727108799811881
cole_ducrou_eklund,random10_2,15,5,0.6224916417610127,0.9769215379251256,0.6964119198732781,0.9069767441860466,1.0,1.0,0.6666666666666667,0.6002568240352318,0.7246363119287296,0.4291419328441909
cole_ducrou_eklund,random10_3,19,7,0.5834155725206436,0.9643256338378092,0.6014528991083972,0.8877551020408163,1.0,1.0,0.6666666666666667,0.517786830350734,0.5969622223646478,0.2349146231014545
cole_ducrou_eklund,random10_4,16,6,0.6802071177204909,0.9837633197421697,0.7630731895319854,0.9649122807017544,0.7585786437626905,1.0,0.625,0.5395689942110957,0.7641817085295655,0.4425120701531331
cole_ducrou_eklund,random10_5,11,6,0.7061514293534668,0.9666854471615669,1.0,1.0,0.7727272727272727,1.0,0.8,0.31819574963437935,0.7244248571413412,0.5878018417862907
cole_ducrou_eklund,random10_6,13,6,0.6448791808825216,0.9846894686758295,0.8771003411805199,0.95,0.8846153846153846,1.0,0.6666666666666667,0.4991301595583023,0.8457138628948899,0.6353480899222339
cole_ducrou_eklund,random10_7,17,6,0.601029080277209,0.9819295517669491,0.749402914090899,0.9166666666666666,0.8529411764705882,1.0,0.8,0.6873493499215607,0.6544634869471734,0.41957192560506196
cole_ducrou_eklund,random10_8,29,12,0.5734786478304565,0.9566490439843571,0.5762924500048114,0.8959537572254335,1.0,1.0,0.6666666666666667,0.6619156561656725,0.5507757700225226,0.21739062322351232
cole_ducrou_eklund,random10_9,11,5,0.7012707783782139,0.9873627860644444,1.0,1.0,0.8636363636363636,1.0,0.6666666666666667,0.4644662258944756,0.8674263234858439,0.6599404044680259
cole_ducrou_eklund,random2,19,6,0.6283440642695755,0.9848693577762982,0.7536761470614481,0.9320388349514563,1.0,1.0,0.7142857142857143,0.5834085198431371,0.6464756996334531,0.6338232383334663
cole_ducrou_eklund,random3,25,8,0.7318959184096329,0.9839369744180959,0.6346240747587915,0.9498432601880877,1.0,1.0,1.0,0.6617502416256238,0.7022442817519006,0.3901273713120248
cole_ducrou_eklund,random4,12,4,0.8522658852770911,0.9974345943076189,1.0,1.0,0.8556624327025936,1.0,1.0,0.6281976080020628,0.9167706051833899,0.8330703412056462
cole_ducrou_eklund,random5,14,4,0.739021468041117,0.9962805216676465,0.8361337882406932,1.0,1.0,1.0,0.625,0.6042829888983298,0.8814866711334909,0.9354435907856453
cole_ducrou_eklund,random5_0,12,4,0.7115384605064801,1.0,1.0,1.0,1.0,1.0,1.0,0.796088486462045,1.0,1.0
cole_ducrou_eklund,random5_1,7,3,0.8003451974785095,0.9974854443285404,1.0,1.0,1.0,1.0,0.8,0.5314536459234778,0.9539249114864143,0.9880486590314919
cole_ducrou_eklund,random5_2,11,4,0.6533242094111644,0.9908311652097894,0.9162227224146651,1.0,1.0,1.0,0.6666666666666667,0.6160679903083227,0.852776031588827,0.6435971962117286
cole_ducrou_eklund,random5_3,10,3,0.687499999161515,0.997315634177141,0.9317224117669555,0.8888888888888888,1.0,1.0,0.6666666666666667,0.7175996149347028,0.950853238918842,0.957733004852683
cole_ducrou_eklund,random5_4,9,3,0.7083333305383835,1.0,1.0,1.0,1.0,1.0,0.8333333333333334,1.0,1.0,1.0
cole_ducrou_eklund,random5_5,11,4,0.6870981722228064,0.9861163256899573,0.9317224117669555,1.0,1.0,1.0,0.6666666666666667,0.5973758210596573,0.7357992581939834,0.8284906360726013
cole_ducrou_eklund,random5_6,10,4,0.6670784970869468,0.9970189602245055,0.8975836176504333,1.0,1.0,1.0,0.8,0.682113946676153,0.9165730845670019,0.948848344375931
cole_ducrou_eklund,random5_7,11,4,0.7142857133274458,1.0,1.0,1.0,1.0,1.0,1.0,0.7861800627745865,1.0,1.0
cole_ducrou_eklund,random5_8,12,4,0.7115384605064801,1.0,1.0,1.0,1.0,1.0,1.0,0.796088486462045,1.0,1.0
cole_ducrou_eklund,random5_9,9,4,0.6841608970609928,0.9925933049540467,0.75,1.0,1.0,1.0,1.0,0.5911448395723609,0.8212280383578613,0.9434381261877456
cole_ducrou_eklund,random6,21,8,0.6458591280874661,0.9771476151031394,0.6362329877989332,0.9278350515463918,1.0,1.0,1.0,0.6268235958365287,0.6241093608840405,0.5118107343510492
cole_ducrou_eklund,random7,17,6,0.6170237057662263,0.9867357339436188,0.7188114022723868,0.9302325581395349,1.0,1.0,0.6666666666666667,0.592033223839188,0.7472122090500434,0.6463716700945634
cole_ducrou_eklund,random8,15,6,0.720738175752851,0.9928640703781548,0.9581113612073325,0.9696969696969697,0.7424838866802033,1.0,0.625,0.5873293263296895,0.8803579928708906,0.6334159949501766
cole_ducrou_eklund,random9,25,8,0.635539599799057,0.9929162752289198,0.6598290989371527,0.9712460063897763,1.0,1.0,0.6,0.6698176501424834,0.6669913414143869,0.538729478100038
cole_ducrou_eklund,randomsmall0,12,4,0.7187499988820201,1.0,1.0,1.0,1.0,1.0,1.0,0.7881922994564272,1.0,1.0
cole_ducrou_eklund,randomsmall1,9,3,0.7272948280537795,1.0,1.0,1.0,1.0,1.0,0.6666666666666667,0.649842208160893,0.971646099376255,0.9957733541161722
cole_ducrou_eklund,randomsmall2,19,6,0.6160492816627234,0.9869037633058114,0.5952619094763194,0.9361702127659575,1.0,1.0,1.0,0.6539966410608732,0.6846088623388147,0.5366046127083871
cole_ducrou_eklund,randomsmall3,10,3,0.6944444436991245,1.0,1.0,1.0,1.0,1.0,1.0,0.7858550882173203,1.0,1.0
cole_ducrou_eklund,randomsmall4,13,4,0.6544900866066514,0.9861098441267218,0.9188572534227816,1.0,0.7028660230925422,1.0,0.625,0.5858616828714273,0.7343660384711512,0.8070198483842727
cole_ducrou_eklund,randomsmall5,15,5,0.6495892533923621,0.9920625637183399,0.7309169509837665,0.9423076923076923,1.0,1.0,0.8,0.6525370097122878,0.814519431285152,0.6800536120427411
cole_ducrou_eklund,randomsmall6,11,4,0.69914715877616,0.9839226155207674,0.8,0.8571428571428572,1.0,1.0,0.6666666666666667,0.5271383122964648,0.7509228557021481,0.8919368406640952
cole_ducrou_eklund,randomsmall7,15,5,0.6900402619120374,0.9880399530227104,0.8603547550488237,0.9166666666666666,0.6266666666666667,1.0,0.7142857142857143,0.5349495229639913,0.8006836911372596,0.6083848100199265
cole_ducrou_eklund,randomsmall8,12,5,0.5939168469859231,0.9814441328445551,0.7073817647155236,0.9444444444444444,1.0,1.0,0.6666666666666667,0.5805373014736823,0.696459226366196,0.8333476266512798
cole_ducrou_eklund,randomsmall9,17,5,0.625485851673147,0.9918955062836871,0.7494292145331407,1.0,1.0,1.0,0.7142857142857143,0.6661728498546785,0.7339787314979626,0.5872216143519903
cole_ducrou_eklund,therapie,23,6,0.7008415797087789,0.9928064752311119,0.8510307165824484,0.9615384615384616,1.0,1.0,0.6666666666666667,0.8043182308083248,0.7866925457679027,0.8670186204089025
cole_ducrou_eklund,top_level_categories,37,16,0.5217601854762061,0.9120909010823688,0.512401941460664,0.9089635854341737,1.0,1.0,0.0,0.7748661738363659,0.6816561395635401,0.07903037965852033
cole_ducrou_eklund,triangles,18,5,0.7391304336160209,0.9991448830288205,1.0,1.0,1.0,1.0,0.7142857142857143,0.7050258536861339,0.9371611751586295,0.8347414100732939
cole_ducrou_eklund,wiki44k_40_1,22,10,0.7132975762510289,0.9566373527807625,0.6636114232188591,0.9690721649484536,0.5735488505340893,1.0,0.625,0.6696586045406796,0.607685038549527,0.2202939012962074
cole_ducrou_eklund,wiki44k_40_2,11,7,0.5703009696362559,0.9522910765080669,1.0,1.0,1.0,1.0,0.75,0.3867951172213042,0.6566317794346266,0.43100201914966985
cole_ducrou_eklund,wiki44k_40_3,17,8,0.7318608487054479,0.9766900676235875,0.6841635180103465,0.9310344827586207,0.6824502566077548,1.0,1.0,0.5385460706196162,0.8111355477332702,0.3911890495239724
cole_ducrou_eklund,wiki44k_40_5,18,8,0.7580502522710879,0.9082660918790535,1.0,1.0,0.7777777777777778,0.8354689987869341,0.0,0.5263015930649422,0.6662480182768089,0.0984683843917823
cole_ducrou_eklund,wiki44k_40_6,17,7,0.6447567041414196,0.9783971927409816,0.5335424682866488,1.0,1.0,1.0,0.6666666666666667,0.5246726590488855,0.6607456097982005,0.5494025067013142
cole_ducrou_eklund,wiki44k_40_7,22,11,0.6332178265995084,0.9547003966414669,0.6969459672470744,0.9090909090909091,0.7111756102979085,1.0,0.625,0.5410693719006461,0.5887987782677627,0.2529017750696665
cole_ducrou_eklund,wiki44k_40_9,22,10,0.6850198210673349,0.9567601681165228,0.6742354146646546,0.9230769230769231,0.4834210530085358,1.0,0.6666666666666667,0.5717613887394593,0.6940076051180665,0.27133109853510007
cole_ducrou_eklund,wiki44k_50_2,25,13,0.6938777280348055,0.9301472384288133,0.6576183584268672,0.9130434782608696,0.5746719160918662,1.0,0.625,0.6803764323231802,0.529286837088718,0.14659067883607935
cole_ducrou_eklund,wiki44k_50_7,32,14,0.6967140667459018,0.9735493749432844,0.737567647475698,0.9847328244274809,0.4534567783995894,1.0,0.6363636363636364,0.5643872053105916,0.6928613577683781,0.2808300613215634
cole_ducrou_eklund,wiki44k_50_9,20,10,0.582601096054438,0.9714551880810627,0.770746435185232,0.8863636363636364,0.7401923788646684,1.0,0.6666666666666667,0.5832812330294239,0.6743274435135536,0.4209547680925735
cole_ducrou_eklund,zoo10_0,13,4,0.6160949416015725,0.9888739328541124,0.7542006823610399,1.0,1.0,1.0,0.625,0.7688423863739411,0.7365465828431641,0.8487484947414622
cole_ducrou_eklund,zoo10_1,13,5,0.6631301012808953,0.9943227644249427,0.8407859579860857,0.9565217391304348,1.0,1.0,0.8,0.664287890229157,0.8510233652982178,0.9318949083423141
cole_ducrou_eklund,zoo10_2,14,6,0.6299600548123604,0.9886017705731807,0.811524134457638,0.9166666666666666,1.0,1.0,0.8,0.6127203621847983,0.6976687610407666,0.8622976401829592
cole_ducrou_eklund,zoo10_3,14,6,0.6813087961269332,0.9884341384824303,0.7435475378141619,0.962962962962963,1.0,1.0,0.8,0.6121626880534381,0.825595115125056,0.6819471679720492
cole_ducrou_eklund,zoo10_4,11,4,0.8166666662194747,0.9944153852803816,1.0,1.0,0.871435130693355,1.0,0.7142857142857143,0.5634412533549313,0.8982400491765163,0.9207588304436105
cole_ducrou_eklund,zoo10_5,12,4,0.7249999986584241,0.9976630501872734,1.0,0.9444444444444444,0.8666666666666667,1.0,0.625,0.7309031513226287,0.9590443657657017,0.9282119928351698
cole_ducrou_eklund,zoo10_6,10,4,0.7831319675785462,0.9986597868227622,1.0,1.0,1.0,1.0,0.6666666666666667,0.5637462144714465,0.9235151866264484,0.966837385251639
cole_ducrou_eklund,zoo10_7,7,3,0.7646309117642238,0.997679569231447,1.0,1.0,1.0,1.0,0.75,0.5608264476190733,0.9590443657657017,0.9862784595903341
cole_ducrou_eklund,zoo10_8,8,3,0.7295167228592987,1.0,1.0,1.0,1.0,1.0,1.0,0.6178044571271262,0.9431180122047741,0.9993562161530526
cole_ducrou_eklund,zoo10_9,26,7,0.6588433687088712,0.9904033927008495,0.662273244212909,0.9771241830065359,1.0,1.0,0.6,0.7144857014085249,0.6940795085086808,0.8287595043206185
dimdraw,ben_and_jerry_ice_cream,16,6,0.7912680641981104,0.9908879007683429,0.7838343612559747,1.0,0.8241500515835305,0.7131586236959614,0.3926058206225601,0.8354987203557394,0.7270967422922261,0.7295673432593828
dimdraw,bodiesofwater,12,4,0.7988461897965813,0.9951585804745995,0.7286403243450067,1.0,0.8717172983586612,0.8226343109129304,0.7825631079594899,0.7309031513226287,0.8389246382041863,0.6909600789620708
dimdraw,car,24,8,0.7667303143794243,0.988938150547225,0.7608558537730188,0.9905956112852664,0.7622868304598596,0.4823280388863721,0.8470263887517998,0.794723892152074,0.6415174506112982,0.0
dimdraw,cn3,8,3,0.7706388405031591,0.9950252085589918,0.6880834784905228,1.0,0.9242385591585842,1.0,0.9242385591585842,0.7438478550696797,0.9059725981743902,0.9559328705846108
dimdraw,cn4,16,6,0.7554446300440434,0.9875182915601709,0.7552661485658436,0.9761904761904762,0.8133974596215561,0.7979694910895578,0.6363636363636364,0.8,0.4971512869280853,0.8308000177757855
dimdraw,cn5,32,10,0.7470864715953803,0.9833713209116945,0.8048824277823935,0.9738693467336683,0.6673758844498543,0.9242385591585842,0.8211114886814221,0.7592620365109548,0.8695773072131197,0.5906572728855579
dimdraw,cn6,32,10,0.7470864715953803,0.9833713209116945,0.8048824277823935,0.9738693467336683,0.6673758844498543,0.9242385591585842,0.8211114886814221,0.7592620365109548,0.8695773072131197,0.5906572728855579
dimdraw,convex_ordinal,37,11,0.7667749810841735,0.9902322418381363,0.8184032031199615,0.9904942965779467,0.7099006915424215,0.6335029619081682,0.727543985779659,0.890107686331849,0.6815328798572762,0.5568124230100633
dimdraw,forum_romanum,19,4,0.7906865466127347,0.9927877509803862,0.8024795543813845,1.0,0.7237023229714761,0.891429183903435,0.7864022154987307,0.6606652260389039,0.8031297267176699,0.5586792450088154
dimdraw,futtertabelle,16,6,0.7825065490545211,0.9810152345719306,0.6635092871263333,0.96875,0.8408467963810349,0.8068441987315681,0.25838479131537756,0.8546148843497868,0.7392293899308275,0.10307871638537724
dimdraw,icfca100_0,26,20,0.7837500632455965,0.8722580108721003,1.0,1.0,0.9946706128997881,1.0,0.4869457209627099,0.8451577021797297,0.6626359554480468,0.19569700941096801
dimdraw,icfca100_1,25,22,0.741833799667932,0.8503432464011212,1.0,1.0,1.0,1.0,0.4943480583473956,1.0,0.6736091001530895,0.18576329579779083
dimdraw,icfca100_2,25,22,0.741833799667932,0.8503432464011212,1.0,1.0,1.0,1.0,0.4943480583473956,1.0,0.6736091001530895,0.18576329579779083
dimdraw,icfca100_3,26,24,0.7294750252335613,0.8432112816580333,1.0,1.0,1.0,1.0,1.0,1.0,0.6538810247171326,0.1751142408651417
dimdraw,jektivitaeten,21,7,0.768377440982008,0.9863421801265628,0.789437306800064,0.9644670050761421,0.7169366917822373,0.8098478479920077,0.44143415310022527,0.9691226452204902,0.661024524320303,0.11668632049156524
dimdraw,linear_extensions,10,4,0.7684820330915617,0.9893862148180568,0.7082783747416803,0.9166666666666666,0.9333333333333333,1.0,0.9333333333333333,0.6753012648261503,0.7435445122666796,0.8599923689772142
dimdraw,living_beings_and_water,19,6,0.7971224868650624,0.9900991033377388,0.6678188106425442,1.0,0.7085497201436581,0.7917140101885793,0.40919316833499264,0.706209708628234,0.7045438633320671,0.6478665966299326
dimdraw,mushroom15_0,10,4,0.8147511322755693,0.9989382184513069,1.0,1.0,0.9722222222222222,0.7801202432282214,0.7514302078654422,0.8445974198111873,0.6901405720498053,0.941315727861303
dimdraw,mushroom15_1,22,8,0.7763498005916764,0.9861635591929919,0.7953639897148232,0.9828571428571429,0.7364267040135827,0.8014314648553809,0.3090681455801289,0.9683083032146379,0.6984186565686412,0.4895254547971003
dimdraw,mushroom15_2,19,8,0.8087053029301963,0.9866828901602462,0.6822853711003785,1.0,0.8743370752557544,0.8093496920706797,0.680132629538276,0.9279871176794395,0.6530801738749158,0.297470224366278
dimdraw,mushroom15_3,11,5,0.8081890451726231,0.9881959778828988,1.0,1.0,0.8909090909090909,0.9122104159137057,0.4095465966266709,0.7613914992687587,0.5531518886823945,0.8066553663827709
dimdraw,mushroom15_4,22,8,0.7796349613002382,0.9813165894614114,0.7824232071930234,0.9705882352941176,0.8046010912151064,0.8059339804880087,0.2965158735903194,0.8572246202562641,0.7367283569526358,0.3923460328899382
dimdraw,mushroom15_5,34,10,0.7819558635524001,0.983651679892129,0.7499070141349065,0.9750390015600624,0.5175753268135979,0.6832690401933629,0.28202954972283323,1.0,0.7397534764076901,0.0
dimdraw,mushroom15_6,20,8,0.7816194649655442,0.9828252293582019,0.8139246009223364,0.9787234042553191,0.7757830146930109,0.7900798091984852,0.45902384214730735,0.8245844582052692,0.7266224189532977,0.25177899247681157
dimdraw,mushroom15_7,19,9,0.7810662790317878,0.9733300045111993,0.7226186092055344,0.9589041095890412,0.7964818847909239,0.8574226415471065,0.5123291900072146,0.86454142591257,0.7320450237501763,0.38949690227796485
dimdraw,mushroom15_8,11,4,0.7889834023399973,0.9878095704487317,0.7252188238524242,0.9375,0.9068850846625519,0.9177696332969736,0.45344254233127596,0.614922747244149,0.8038710971665959,0.6170387857164821
dimdraw,mushroom15_9,32,11,0.792353994196901,0.9786872948144266,0.6543466292886269,0.9758203799654577,0.6595472601555072,0.6424778278115117,0.3357555100251526,0.9320733873384569,0.7682973504642028,0.0
dimdraw,papier,16,4,0.7957044877322816,0.9890078052996671,0.8304986810771359,1.0,0.6413751676091062,0.936112880048689,0.7351277574563242,0.6529912166099163,0.8265126429266868,0.5490774249734334
dimdraw,part4,15,7,0.7528081574184814,0.9640541491659689,0.6867123659645917,0.85,0.8586017917428991,0.8575471355680071,0.8586017917428991,1.0,0.6283912849258507,0.17025072238976213
dimdraw,random0,25,6,0.7730269094441247,0.9879315963052926,0.7670075416398358,0.98046875,0.6668413227649613,0.691494240385693,0.7940525309479382,0.9322196285066904,0.6409629566822516,0.27805635505165294
dimdraw,random1,24,7,0.7855763857887996,0.983950709231563,0.6456382452923799,0.9828326180257511,0.6506291307696934,0.7524249164622829,0.4514333255546307,0.8250310874693028,0.6699791268004859,0.0
dimdraw,random10_0,12,5,0.8210924433615534,0.9873550777228456,1.0,1.0,0.9149623321187741,0.9444444444444444,0.9149623321187741,0.8252118080658525,0.7074985837852092,0.7784671295433341
dimdraw,random10_1,16,7,0.7919666000533235,0.9705227609988001,0.572503034028429,0.9591836734693877,0.8373112587913449,0.7959321170475575,0.27640582907800226,0.7637336921469444,0.7382039802894442,0.0
dimdraw,random10_2,15,5,0.7934272228909736,0.9877040428438228,0.7561596918555564,1.0,0.8349166609277323,0.8706402337883754,0.41497311301830353,0.8100187618818953,0.7333922348916074,0.7234864549151572
dimdraw,random10_3,19,7,0.7883674818698647,0.9810200370367783,0.685658945791149,1.0,0.8196004860075623,0.7824166785607272,0.5295355763049616,0.7536497823038603,0.6920944232898091,0.1598193899417526
dimdraw,random10_4,16,6,0.778644445268882,0.9833233999839754,0.745832705293863,0.9824561403508771,0.7539552868212895,0.562706581877283,0.3379814825398035,0.7452885426629243,0.7342776336996583,0.4435228153408831
dimdraw,random10_5,11,6,0.7775331445148485,0.9565798187680282,1.0,1.0,0.9318181818181819,0.7762622403700739,0.34655658743018525,0.6020207033278251,0.6706169152979968,0.49805351211965077
dimdraw,random10_6,13,6,0.7820395298976672,0.9799369231897346,0.7252188238524242,0.95,0.8872364749008409,0.904234041442743,0.2707443653167658,0.6862953654630215,0.7335715649000876,0.7230003012999546
dimdraw,random10_7,17,6,0.786189933782044,0.9811403721227749,0.7652195666118575,0.95,0.8616391823350338,0.8487530015811391,0.5007450755226801,0.9554553769007526,0.7391110171972948,0.6538156623015532
dimdraw,random10_8,29,12,0.7910288940836887,0.9688472870240499,0.6234670346476296,0.9672447013487476,0.6992717521118113,0.7584056679581238,0.527115641458065,1.0,0.7061341343174337,0.0580691287351941
dimdraw,random10_9,11,5,0.8238619816806944,0.9830738743687937,1.0,1.0,0.9454545454545454,0.8953545505368388,0.4278431460618748,0.6076382160016338,0.4997818638716286,0.5786291158452296
dimdraw,random2,19,6,0.7847655806769313,0.991006763017294,0.715978449891483,1.0,0.8049465699545851,0.793089608535976,0.6361503192198963,0.7802705938184155,0.7816800855716707,0.0
dimdraw,random3,25,8,0.7735684845019069,0.9881046388466052,0.726089914930832,0.987460815047022,0.7280025771158538,0.7947566249293037,0.6787938632620055,0.9587411860403047,0.6359990228245234,0.0
dimdraw,random4,12,4,0.8140764851253137,0.9998308748911241,1.0,1.0,0.9242424242424243,0.7525641703473033,0.9242424242424243,0.9210373350333215,0.7082119803243148,0.9943396685658826
dimdraw,random5,14,4,0.7903262643900565,0.992898337169501,0.8119736974961614,1.0,0.7362637362637363,0.8910630263055604,0.9158587445110727,0.5827380691900828,0.7692914457731113,0.8127000532487801
dimdraw,random5_0,12,4,0.782998406292979,0.9963155586857622,0.7389048258227545,1.0,0.8536840265228427,0.7429298553470338,0.5714285714285714,0.796088486462045,0.7393785718513508,0.9638254163091148
dimdraw,random5_1,7,3,0.8320388364322803,0.9996953235488192,1.0,1.0,1.0,1.0,1.0,0.4795739585136223,0.6227154435012289,0.8843954671508322
dimdraw,random5_2,11,4,0.7786726468790799,0.9923930068431399,0.7252188238524242,0.9375,0.9068850846625519,0.9201912871942779,0.5921811889078595,0.8721555657305763,0.7433358919715183,0.8649932745370175
dimdraw,random5_3,10,3,0.783645288576462,0.9953547873677862,0.7193492445611774,1.0,0.9333333333333333,0.8901642106590046,0.7534840337318709,0.6351049091010192,0.7577312161098018,0.9181368920004184
dimdraw,random5_4,9,3,0.8282844297771962,0.9999706411601477,1.0,1.0,0.9583333333333334,0.6397512737380218,0.7924128020146675,0.5325273770753876,0.5837092920857487,0.8632832514593154
dimdraw,random5_5,11,4,0.797455897273997,0.9910167072263458,0.718375822867259,1.0,0.9059230070150043,0.8747274751976595,0.43763015896454066,0.6064306323998787,0.6992800804094017,0.842094119888144
dimdraw,random5_6,10,4,0.7861040965510497,0.9953840300813269,0.7032296506788909,1.0,0.9242385591585842,0.8965153077165047,0.7440664112010316,0.6351049091010192,0.7925873805579682,0.9184602881582495
dimdraw,random5_7,11,4,0.7928511797537723,0.9970058771719166,0.7286403243450067,1.0,0.8519081469981529,0.8283894455095184,0.6063643977511141,0.7498642205306083,0.8133897518603911,0.9123639460597026
dimdraw,random5_8,12,4,0.782998406292979,0.9963155586857622,0.7389048258227545,1.0,0.8536840265228427,0.7429298553470338,0.5714285714285714,0.796088486462045,0.7393785718513508,0.9638254163091148
dimdraw,random5_9,9,4,0.7804675438958893,0.9925102435150644,0.7032296506788909,1.0,0.9116116523516815,0.8888888888888888,0.9116116523516815,0.6244344957986988,0.7447966548849929,0.9040869659110424
dimdraw,random6,21,8,0.7745910676328706,0.9805122607141066,0.7677306150070131,0.9639175257731959,0.7987100779445346,0.7612706687745698,0.663585667406094,0.8375447919560112,0.7009473095933518,0.4046825375841854
dimdraw,random7,17,6,0.7851588265471175,0.9779066800552297,0.6230636987073143,0.9418604651162791,0.7406027338201402,0.7631370769463862,0.5336818578138752,0.6922757890400365,0.6717586624538416,0.11514305786450418
dimdraw,random8,15,6,0.7981017949063955,0.9895673944062545,0.741833054933935,0.9696969696969697,0.8144446212043059,0.7704008602234413,0.4049454735554071,0.6862085839710632,0.681776789490711,0.7397107618788417
dimdraw,random9,25,8,0.7835734821559364,0.9862390317032136,0.682730209474038,0.9712460063897763,0.7068060986404514,0.7450710556541249,0.35185426195497255,0.9744018526460416,0.6587530002278013,0.1687694645361889
dimdraw,randomsmall0,12,4,0.808543555712722,0.9871707110285288,0.6748117015866351,1.0,0.7926287924194007,0.7727262324289363,0.6582875041755978,0.6884288698614994,0.685900285179768,0.18636024344328217
dimdraw,randomsmall1,9,3,0.7921936598579689,0.9934113301258527,0.718375822867259,1.0,0.9166666666666666,0.9450142600771785,0.4399363069464731,0.6652016108980178,0.9115950231483624,0.7252745530028343
dimdraw,randomsmall2,19,6,0.7808744874226522,0.9926109044054902,0.7818537246769919,0.9893617021276596,0.7433364847381752,0.6100873905312163,0.7103154840949523,0.7322555690650248,0.615378507478608,0.8270304970787552
dimdraw,randomsmall3,10,3,0.7890715622758095,0.9967491010420605,0.718375822867259,1.0,0.8244671225429698,0.894626273495738,0.8461860956048276,0.6574593285051991,0.8571626597851048,0.9410747551311769
dimdraw,randomsmall4,13,4,0.7770913959627095,0.9904164328940389,0.793996037740158,1.0,0.8832822797101799,0.9602003687887497,0.5518773729993413,0.6949983038607473,0.7746428630879113,0.8063564759363835
dimdraw,randomsmall5,15,5,0.7830589497359987,0.9850075623538875,0.6844137740431955,0.9230769230769231,0.8139677404430783,0.6119366787630689,0.28926139540001045,0.7637470832592665,0.7254508525573051,0.1665569461755919
dimdraw,randomsmall6,11,4,0.7937803925345237,0.9951555843565548,0.7335219950556271,1.0,0.8842916176240195,0.8752165888313499,0.6303030303030304,0.7559604612664851,0.6519388642445728,0.8415422424754921
dimdraw,randomsmall7,15,5,0.7802295405592632,0.9898559982971867,0.7700139484523262,0.9791666666666666,0.86138958682741,0.6684944929046157,0.33400096068875373,0.9133954253174703,0.7473078392501895,0.17129653429535707
dimdraw,randomsmall8,12,5,0.7731991756855994,0.9840134473773537,0.757543670122163,1.0,0.8761479603912914,0.8358189542325016,0.6003021766513118,0.8270251925965795,0.6716383716240469,0.7899928146163872
dimdraw,randomsmall9,17,5,0.7915358917019145,0.9959707196928202,0.8149426755695934,1.0,0.7632723712592502,0.6825391030866439,0.38607178208761916,0.7633412133213257,0.7064012992969604,0.7602501401973313
dimdraw,therapie,23,6,0.7850666526200624,0.9951189969607697,0.8511370626322524,1.0,0.6568998269107684,0.9136859647018116,0.364722619240622,0.8002259430212948,0.8442670271549212,0.7696396248622676
dimdraw,top_level_categories,37,16,0.7497397753792425,0.9683970355914417,0.8144957900627481,0.9362745098039216,0.7845629505464367,1.0,0.36085264695390856,0.958240313158418,0.737684611379383,0.22682262294549527
dimdraw,triangles,18,5,0.7894563865784174,0.9973857733453755,0.7933565262294071,1.0,0.8192669792511876,0.7782956893299768,0.4152658333246611,0.6916287181998028,0.7811315885247369,0.7538300045865736
dimdraw,wiki44k_40_0,15,7,0.834027091748869,0.9678978881457816,1.0,1.0,0.9655112348232415,0.8755949984879808,0.30198663863788655,0.42069797528119224,0.6690070129887085,0.4541051734271817
dimdraw,wiki44k_40_1,22,10,0.7976076122509962,0.9617308354138091,0.718375822867259,1.0,0.9140480810533422,0.7015771798958217,0.22075918596080887,0.9383935080332856,0.6828088058712478,0.34731112940353215
dimdraw,wiki44k_40_2,11,7,0.7916648251482772,0.9321820732968406,1.0,1.0,1.0,0.7808488237785264,0.4727272727272727,0.4375,0.6552724227448725,0.46021607240706086
dimdraw,wiki44k_40_3,17,8,0.8243709667367718,0.9713843988093084,1.0,1.0,0.9230397937763927,0.7380897393079062,0.4168668376929338,0.6422356639770904,0.6152437160541733,0.4491873691581342
dimdraw,wiki44k_40_4,20,10,0.8230662175881243,0.9579469179567136,1.0,1.0,0.9555276449036535,0.7645172973452518,0.25858756666717114,0.6316922432345891,0.5956724393969229,0.36768791554074887
dimdraw,wiki44k_40_5,18,8,0.8145369344957987,0.9611705939803712,1.0,1.0,0.943722287596537,0.7682066631470874,0.35065183009915485,0.5808325682539711,0.5582968667325583,0.4192868045272886
dimdraw,wiki44k_40_6,17,7,0.8444691770904865,0.9710621255612311,0.6880834784905228,1.0,0.9155494016600105,0.9408280989614437,0.29596090519123314,0.5784956011912004,0.7336334271018137,0.44568494069455467
dimdraw,wiki44k_40_7,22,11,0.7897288038390071,0.9485385601437318,1.0,1.0,0.937377499892246,0.7677855955238366,0.21577621579904352,0.9383935080332856,0.6539009535478741,0.3158804456707134
dimdraw,wiki44k_40_8,29,16,0.8211101408771938,0.9326457516578166,0.6039965066981029,1.0,0.9234732523907718,0.678636791957218,0.26449212643617853,1.0,0.7080323185995487,0.25231767120345416
dimdraw,wiki44k_40_9,22,10,0.8153827628916012,0.968739299774484,0.3450151609391796,1.0,0.9022529982606478,0.7274193020850946,0.28240999845879405,0.6632744265497628,0.6311572638948357,0.0
dimdraw,wiki44k_50_0,31,15,0.7864740322253808,0.9595709953851906,0.7111160499161,1.0,0.8832398630858731,0.7438681216222405,0.27159426679774085,0.959529282596808,0.7025914687577018,0.26389305904154803
dimdraw,wiki44k_50_1,30,13,0.8262435076042002,0.9633352518544563,1.0,1.0,0.9193828832322883,0.7937377153436371,0.1616436678114393,0.8446846259427975,0.590494712845626,0.3161574232781441
dimdraw,wiki44k_50_2,25,13,0.8275279451143058,0.9531104178834386,1.0,1.0,0.9356957188967346,0.6948516047013136,0.22885237076591747,0.6327453590019032,0.6301922823903756,0.3021646089196499
dimdraw,wiki44k_50_3,49,19,0.7804037074517537,0.9703116070375731,0.8156286949341024,0.9919053549190535,0.6524937568612635,0.5049629890372944,0.29503573397123584,0.9568929626206032,0.704263676461113,0.22310039409326277
dimdraw,wiki44k_50_4,28,14,0.796789718830568,0.9409034464612901,1.0,1.0,0.8979665465911569,0.6703542604248736,0.19665568733073813,0.7609298085711942,0.706521171074842,0.2694784819512098
dimdraw,wiki44k_50_5,19,9,0.8096556211249613,0.9604860264879086,1.0,1.0,0.9466610768150284,0.8186174187396673,0.21986033899402294,0.8440732441409496,0.7245348840711524,0.38730725799097543
dimdraw,wiki44k_50_6,27,14,0.8168182621237845,0.9460549806680648,1.0,1.0,0.9588616270286062,0.6942270839494096,0.3086602449064263,0.815354980021511,0.5779043409869629,0.27786803065883137
dimdraw,wiki44k_50_7,32,14,0.8048001013733642,0.9622972674764839,0.31357194732497395,1.0,0.8834887572169497,0.7800187029622092,0.15857015149714984,0.8261022495910144,0.6723092551813326,0.0
dimdraw,wiki44k_50_8,24,10,0.8041813775123726,0.9576404111923936,0.7546806903374468,1.0,0.9037813435286085,0.7971601870715059,0.15520831565807836,0.685412650996784,0.6435528240808334,0.3411172203482583
dimdraw,wiki44k_50_9,20,10,0.8083194871656421,0.975426220200419,0.7286403243450067,1.0,0.9003206852108472,0.833287110649111,0.28867395767944615,0.7877443751081734,0.7078601644394721,0.40879539834580747
dimdraw,zoo10_0,13,4,0.8145870520659976,0.9938219154238963,0.5135430581681255,1.0,0.8602694937747903,0.8819022096785856,0.6803592241623145,0.9299723811251799,0.6213178532218476,0.8472884553306097
dimdraw,zoo10_1,13,5,0.7939921672575174,0.9896896681633843,0.7713508488334707,0.9565217391304348,0.7834473841134854,0.9061448589840582,0.7707257029595723,0.6771576666552237,0.6841149206016867,0.7910457751893097
dimdraw,zoo10_2,14,6,0.7885429350613529,0.9922946898674817,0.7990758115827277,1.0,0.8381768350893797,0.9444444444444444,0.9256289345827872,0.7069157460244099,0.7358816821836104,0.7690612326109599
dimdraw,zoo10_3,14,6,0.798985440921594,0.9811718806746134,0.6705708850622264,1.0,0.7629341499979074,0.7556026037491717,0.6989967007202105,0.6858604975217655,0.6511704593334877,0.22505434601916607
dimdraw,zoo10_4,11,4,0.8028581742958977,0.9977064609903719,1.0,1.0,0.9231841139244924,0.8091149606300168,0.44000924009689846,0.6834718782933941,0.6438382513917034,0.884589061995368
dimdraw,zoo10_5,12,4,0.7941385235567585,0.9931472438078286,0.7956957545316927,1.0,0.7681159420289856,0.9104679341963976,0.5502699686560197,0.6024526278214832,0.8024712456117891,0.6297736582174522
dimdraw,zoo10_6,10,4,0.8170728092634314,0.9954394000847896,1.0,1.0,0.9333333333333333,0.8994077682344543,0.6027166697725127,0.6346298805707495,0.6840041372505067,0.7016901153372213
dimdraw,zoo10_7,7,3,0.7993778361807864,0.9976430927447727,1.0,1.0,0.9047619047619048,0.879909854612357,0.4158206212873158,0.4770403950406973,0.6620290556285351,0.9717587897111284
dimdraw,zoo10_8,8,3,0.805208073198488,0.9978389093177837,1.0,1.0,0.9242385591585842,0.8275561741162075,0.9242385591585842,0.6215283859974813,0.6239563092447351,0.9638531142500918
dimdraw,zoo10_9,26,7,0.7692768089412838,0.9910921871077444,0.8131037261622571,0.9901960784313726,0.5621731695364438,0.705069417450742,0.673532561866405,0.7206425069207232,0.6193708271964522,0.5922275081708517
dimflux,ben_and_jerry_ice_cream,16,6,0.7066701696061111,0.9934963178464526,0.8667056336008998,1.0,0.8717254501297484,0.8668642251956246,0.4767093300536529,0.7057837511835912,0.7325674539521141,0.6225453671953258
dimflux,bodiesofwater,12,4,0.6833128698312507,0.9999914762841832,0.8855491411959767,1.0,0.7713010366315154,0.7899663798332961,0.8214473787165681,0.5426297427293592,0.526065262973731,0.982618848645375
dimflux,car,24,8,0.7012833419479727,0.9900855912256397,0.8514247715474996,0.9905956112852664,0.770059005605443,0.7532747455227371,0.3496481390785818,0.698583579035037,0.7100393829587757,0.4667545141100452
dimflux,cn3,8,3,0.6311189786354575,1.0,0.8933569359063727,1.0,0.9827636572921165,0.9999999999849702,0.9827636572921165,0.7438478550696797,0.94684388665883,0.9893068904898443
dimflux,cn4,16,6,0.6732975892750389,0.9914084352193981,0.8637411770119419,0.9761904761904762,0.8707745994453199,0.9999999999999997,0.8707745994453199,0.8,0.7557677419435048,0.7769677240797613
dimflux,cn5,32,10,0.6996966865230989,0.985239962126614,0.871294307925391,0.9738693467336683,0.7051901524845032,0.9197859210561867,0.7133118992105102,0.7592620365109548,0.9040383135429522,0.509911377774334
dimflux,cn6,32,10,0.6996966865230989,0.985239962126614,0.871294307925391,0.9738693467336683,0.7051901524845032,0.9197859210561867,0.7133118992105102,0.7592620365109548,0.9040383135429522,0.509911377774334
dimflux,convex_ordinal,37,11,0.6938158530311785,0.9937181985127927,0.7666383622788817,0.9790874524714829,0.8424809404859768,0.7045212066563666,0.8424809404859768,0.6790130512008651,0.5889753493824119,0.5687402225273309
dimflux,forum_romanum,19,4,0.7178157579164941,0.9985092709722999,0.8601108580917285,1.0,0.6987851685193387,0.7757816053095198,0.6608706111244418,0.5354784809792464,0.5262758998515482,0.8096429715288104
dimflux,futtertabelle,16,6,0.6756815593928768,0.9915222313656145,0.7900697376341849,0.984375,0.7364385436071557,0.9159065228717487,0.5401360576444442,0.6108200421529646,0.6074359446670491,0.7408963564642805
dimflux,icfca100_0,26,20,0.5125865589280081,0.8831787816556981,0.6776369062293104,1.0,0.6932243233681115,0.8506084251724121,0.21402625577792359,0.8087746402025078,0.6071283637198674,0.07813480201004253
dimflux,icfca100_1,25,22,0.27892612714195864,0.8453365790620193,0.6969754930003151,1.0,0.9756230179543792,1.0,0.23969795312249728,0.6253526435386974,0.6780674951606446,0.06479242353991144
dimflux,icfca100_2,25,22,0.27892612714195864,0.8453365790620193,0.6969754930003151,1.0,0.9756230179543792,1.0,0.23969795312249728,0.6253526435386974,0.6780674951606446,0.06479242353991144
dimflux,icfca100_3,26,24,0.48142868195698596,0.8816058145747171,0.8654951890328364,1.0,0.7775077338462322,1.0,0.9503661323486428,0.8020586418701628,0.587227476588181,0.08563676922562957
dimflux,jektivitaeten,21,7,0.6937620607028236,0.9894976433798732,0.8347251603777349,0.9644670050761421,0.7742059119343643,0.7506946660999745,0.475129089180116,0.6202262314675981,0.7431235163977834,0.48807739128994265
dimflux,linear_extensions,10,4,0.63080611871731,0.9986132062646409,0.8185873783957395,0.9166666666666666,0.9988906962936782,0.9999998978171176,0.9988906962936782,0.6753012648261503,0.8175310615126359,0.9257251650599628
dimflux,living_beings_and_water,19,6,0.7173457094018684,0.996106267973497,0.716039883880967,1.0,0.8442903472785555,0.7924993657362867,0.34151189544537175,0.5910255864852907,0.7552037427659938,0.7252361804068868
dimflux,mushroom15_0,10,4,0.6968434817571334,0.9994079541425982,1.0,1.0,0.9292062874677165,0.8805946656234974,0.48427501387801236,0.6607376975404247,0.82599614121482,0.9856799935400755
dimflux,mushroom15_1,22,8,0.6546854379378744,0.9844887291716736,0.75548991966824,0.9828571428571429,0.7334513784538801,0.8686545250004392,0.3081382463646139,0.8966308081907977,0.7469096603514658,0.43980142343541906
dimflux,mushroom15_2,19,8,0.6901337381451074,0.9920366420803263,0.8682465720984683,1.0,0.8893044221765317,0.8831271067468097,0.5170196130257637,0.8154458013576404,0.7219237958553771,0.550874713080338
dimflux,mushroom15_3,11,5,0.7043929836021434,0.9699103681638211,0.36114593122700644,1.0,0.6822097462955992,0.775422705513671,0.45440665222495896,0.5292859840769878,0.7320308813005953,0.34884636395271196
dimflux,mushroom15_4,22,8,0.6936956995297241,0.9910100159421958,0.862527560689955,0.9705882352941176,0.6044746939113281,0.7600817657207576,0.23326157110517165,0.5831759380233108,0.5543329688959742,0.6707970809075003
dimflux,mushroom15_5,34,10,0.7112189884573662,0.9859551679664641,0.7560066173442921,0.9703588143525741,0.5067250121432472,0.6955903884721462,0.20261239269646,0.8065774365670333,0.6970404758899058,0.3141330465701996
dimflux,mushroom15_6,20,8,0.6451068236801579,0.9908535349352396,0.7275464658854003,0.9893617021276596,0.6186069194327963,0.8126637033162798,0.3035434278608878,0.5450174025915544,0.5168639426449952,0.6425645288837378
dimflux,mushroom15_7,19,9,0.6772059534765131,0.9736115911214063,0.7697445382574205,0.9589041095890412,0.8064162377692865,0.8761910460621899,0.25851379831354776,0.7285562250395486,0.7631906957943037,0.2921282267570048
dimflux,mushroom15_8,11,4,0.6686383621678692,0.987648909176668,0.8449945509890453,0.9375,0.9068850846625519,0.9177696332969736,0.453442542331276,0.5752765871924419,0.8396183215323372,0.4988748517779692
dimflux,mushroom15_9,32,11,0.6619594020107745,0.9792299966805693,0.6854808353251172,0.9827288428324698,0.5089291678322833,0.7489174895429982,0.19569142049216096,0.7797664317229898,0.6499576092701045,0.16897970733344836
dimflux,papier,16,4,0.7168068759020885,0.997036450831663,0.8005054883389432,0.9428571428571428,0.8984047389955879,0.8478389048705662,0.8984047389955879,0.5820837636688949,0.7027328894564441,0.8766241633681783
dimflux,part4,15,7,0.6385998603599159,0.9742225682100302,0.8612315805975392,0.85,0.8580992868401947,0.8910386718945148,0.8580992868401947,0.8397333524820193,0.7819134151514051,0.5112154046564089
dimflux,random0,25,6,0.7077979202213647,0.9918312922524953,0.7986564278896539,0.97265625,0.7518591001021916,0.7556998394928377,0.3753601265369197,0.5885023264065257,0.6258308120705149,0.46548080963799543
dimflux,random1,24,7,0.6944872051052383,0.987930403737054,0.7947068982446936,0.9742489270386266,0.7170890918524102,0.775242574030975,0.2328639603049816,0.5993047464548166,0.6567790637547779,0.4607720819441553
dimflux,random10_0,12,5,0.7598158352589727,0.9809792028384753,1.0,1.0,0.6956773771016744,0.8792719047853919,0.6566421572588976,0.42125805549819473,0.6296198032528753,0.39360202437883884
dimflux,random10_1,16,7,0.6764042144408914,0.9824826246715277,0.7599360374898809,0.9591836734693877,0.8094283251326938,0.8194528387636546,0.2596650086402622,0.6781063216061196,0.6697774400804118,0.5169086705960033
dimflux,random10_2,15,5,0.7028582769868783,0.9968721281035197,0.9143273821933421,1.0,0.7976673903327061,0.8565238228711348,0.565178047897531,0.41509255594350625,0.5966862467458022,0.8565783407042985
dimflux,random10_3,19,7,0.7013268881989165,0.9884107332927516,0.7799895559986445,1.0,0.7790823715474341,0.8125776239514885,0.2534122714821396,0.581610601182255,0.7273277673861294,0.48879415930336034
dimflux,random10_4,16,6,0.6981170969341899,0.9914897824460019,0.897564919487729,0.9824561403508771,0.754301304550313,0.7363242972456432,0.6630213468129338,0.6698030235709801,0.7285400612411206,0.674683811072265
dimflux,random10_5,11,6,0.6699299521204334,0.9716660367123985,1.0,1.0,0.9244063977871182,0.9164496347653336,0.5338791311246781,0.5117951172213042,0.7866436353535,0.6483862717782444
dimflux,random10_6,13,6,0.6857661362112125,0.9772965129717214,0.8174876223590929,0.95,0.8212718626931141,0.8947821795926392,0.27333844182896466,0.6809806203829096,0.7343220316589301,0.4409529864712832
dimflux,random10_7,17,6,0.6781314037324759,0.9849562748746327,0.8097264583343593,0.95,0.8686367961474483,0.8364874843949723,0.6749945661008245,0.8290231855622988,0.7743926186933603,0.621356945723146
dimflux,random10_8,29,12,0.7078970153873609,0.9781925924893451,0.7816243386929936,0.9653179190751445,0.6939468107419899,0.7680688425427141,0.3707083703362336,0.9648979656814951,0.6571364538115967,0.28936971693307667
dimflux,random10_9,11,5,0.7179433790814141,0.9792651955055471,1.0,1.0,0.8619111636674753,0.895144432251923,0.5732784541286171,0.4498808337289153,0.7760183784193976,0.4318569204841507
dimflux,random2,19,6,0.7030675626464632,0.995715357690777,0.8609701673814403,1.0,0.7176597882824637,0.7615937832765594,0.5855821426675224,0.7465124368296703,0.670552696718238,0.812137685886723
dimflux,random3,25,8,0.7043415085436161,0.9914214165835955,0.8461130251011009,0.987460815047022,0.8530537479741587,0.7220475295215685,0.8223460655270325,0.7592008782949269,0.7350580530911595,0.6129189513881514
dimflux,random4,12,4,0.6747469325521956,0.9999737738929336,1.0,1.0,0.872003445965406,0.9387838160979279,0.7651327557355815,0.4710106636451923,0.7747483670375594,0.999639091013363
dimflux,random5,14,4,0.7324601707068646,0.9974984899701914,0.9747450768497399,1.0,0.9250033505445221,0.8747211705636233,0.6177748581881579,0.4207384428470974,0.7459312393934399,0.8154526361968939
dimflux,random5_0,12,4,0.6792766506269808,0.9999999070288186,0.8956405718897117,1.0,0.9286400511099285,0.9220221743694069,0.9286400511099285,0.6365162584928172,0.8093331111230381,0.9945872559001306
dimflux,random5_1,7,3,0.7168753765972086,0.99962303375832,1.0,1.0,0.950808086076885,0.8955230512417508,0.7300403895253122,0.48373501976820044,0.8152198664999191,0.9943560753857519
dimflux,random5_2,11,4,0.6486241286131091,0.9989331747238828,0.8221425454317058,0.9375,0.8476953807334365,0.8574567066460264,0.5615496200991896,0.401144902085384,0.5878184177447967,0.926958466716023
dimflux,random5_3,10,3,0.6595635783189618,0.9991338810456973,0.9612893363415611,1.0,0.7895004108006791,0.8891124786499482,0.6676074939955062,0.5052550060777077,0.5309745544842797,0.9851920437779996
dimflux,random5_4,9,3,0.6820541583229424,1.0,1.0,1.0,0.9412981702750949,0.9885895510161531,0.9412981702750949,0.3877380902866233,0.8027064019688017,1.0
dimflux,random5_5,11,4,0.6898232964853076,0.9978366466074933,0.9626382603676441,1.0,0.8195926372223983,0.8422569460077858,0.40119655306397906,0.5054108256326335,0.46517879572497756,0.9155090691150776
dimflux,random5_6,10,4,0.6530718870475066,0.9998985403527222,0.867958324383515,1.0,0.945161951687956,0.9550634242369545,0.7373963063910143,0.7033603823836366,0.8963341385484531,0.9777017489690336
dimflux,random5_7,11,4,0.6661363493833784,0.999997089015209,0.893780519412498,1.0,0.9235183562193621,0.913055514889297,0.9235183562193621,0.5180835009562434,0.8253740054147506,0.9855422987386615
dimflux,random5_8,12,4,0.6792766506269808,0.9999999070288186,0.8956405718897117,1.0,0.9286400511099285,0.9220221743694069,0.9286400511099285,0.6365162584928172,0.8093331111230381,0.9945872559001306
dimflux,random5_9,9,4,0.6451696759783412,0.9994525176156825,0.8540569836379714,1.0,0.9624519344485671,0.9315488095751003,0.9624519344485671,0.39621461826818616,0.7309188585134394,0.9663829775394341
dimflux,random6,21,8,0.7013964788766712,0.9850844161823563,0.8437405232180073,0.9639175257731959,0.8355804984243469,0.7586404001780059,0.358774460535344,0.8582793439737393,0.7469260212424557,0.5261425024637041
dimflux,random7,17,6,0.6799468000097465,0.982870399019928,0.7520175380810259,0.9418604651162791,0.7737138764998379,0.7721257766856966,0.2448164601863534,0.7604761193253688,0.7609422499208764,0.41103261181505735
dimflux,random8,15,6,0.6821493213773859,0.9907003466774434,0.7657385587303934,0.9696969696969697,0.8144446212043059,0.783625132964946,0.4049454735554072,0.6611730511310985,0.7885521473679517,0.6618987738488664
dimflux,random9,25,8,0.6865858848069893,0.9951676573547986,0.783893485408019,0.9712460063897763,0.5458036537252958,0.822754076092339,0.2395266860384962,0.7001177771629339,0.5680990446478684,0.662863816055051
dimflux,randomsmall0,12,4,0.6325980626656075,0.9984189621184683,0.8766518263370429,1.0,0.648738595774544,0.8704734565882926,0.5137411389404791,0.466499739055365,0.5620745371484381,0.9446128608423219
dimflux,randomsmall1,9,3,0.6714532714195537,1.0,0.8960766455616008,1.0,0.8608277046993352,0.8552219769684624,0.6943796095079409,0.405560430035505,0.5498916537339913,0.9997867983865149
dimflux,randomsmall2,19,6,0.7029696962725496,0.9958869331137181,0.8750195380635855,0.9893617021276596,0.6286022999719649,0.7294640026196735,0.6930189827542448,0.6588548559876827,0.6558605014355153,0.8165637753831116
dimflux,randomsmall3,10,3,0.6716275034592575,0.9999727174285279,0.8942126799626257,1.0,0.9283632799013524,0.986589112815843,0.9283632799013524,0.5052550060777077,0.9227768140265915,0.9769494758994861
dimflux,randomsmall4,13,4,0.6749351261053598,0.997321325286567,0.8968711220450867,1.0,0.8671074035076842,0.904007190061764,0.5461626499319359,0.5015755818444414,0.7439083601161809,0.9144376938885971
dimflux,randomsmall5,15,5,0.693246090651457,0.9936761288921252,0.7778497158371602,0.9230769230769231,0.8864695521776327,0.7545714386648981,0.7172325024620732,0.5831811278608772,0.7344677996301718,0.6189696473135744
dimflux,randomsmall6,11,4,0.6721548089422437,0.9960920210981367,0.8356403557210949,1.0,0.8842916176240196,0.8752165888313499,0.2665290676210649,0.5365648708400703,0.7529146082671614,0.7818229740995346
dimflux,randomsmall7,15,5,0.6853691832260241,0.9946565605301444,0.8500832813191861,0.9791666666666666,0.7890820335264244,0.8815235084588305,0.3562710515180904,0.5587663592693963,0.6838494218095257,0.7523063409444581
dimflux,randomsmall8,12,5,0.6414312022130648,0.9959210394660145,0.8516893315130641,1.0,0.7457925631555906,0.9086758082640223,0.39235585646782034,0.602035698822333,0.6254776425662847,0.9315224088984432
dimflux,randomsmall9,17,5,0.704314134003671,0.9990581410524587,0.9147686897230558,1.0,0.49850363713703694,0.7712283247380749,0.7044612801772975,0.518304933688541,0.542782184635831,0.8857751187793841
dimflux,therapie,23,6,0.7210492778628385,0.9968084020944421,0.9374865253323899,1.0,0.6579592984742046,0.8855896384046894,0.4709073572111265,0.6371092486870557,0.8387425377797003,0.8346364252904508
dimflux,top_level_categories,37,16,0.6156200057020204,0.9585638821307398,0.6407082226544469,0.9376750700280112,0.8153722578793586,0.5967097513188374,0.3873470219138159,0.9443089916180589,0.5960581580198943,0.047356084543088706
dimflux,triangles,18,5,0.7058501668625352,0.9995728566319081,0.8817205820572619,1.0,0.9229116124614039,0.8671098388040263,0.6408595148348627,0.5883870139193347,0.8108397509242818,0.9451979973144565
dimflux,wiki44k_40_0,15,7,0.7367417707183996,0.8137879982350145,1.0,1.0,0.7362294772742375,0.7801248760303117,0.4578000661927241,0.6124083488590191,0.6236476073396184,0.09131586941481962
dimflux,wiki44k_40_1,22,10,0.6586907618415778,0.9785424761954158,0.7899520550198449,1.0,0.7981122044440208,0.8163987025351964,0.21166337042394845,0.6924197346610248,0.6132275019196857,0.4410854137692263
dimflux,wiki44k_40_2,11,7,0.7388884946086609,0.940249772313693,1.0,1.0,0.8945331103087437,0.7677968748070809,0.45484103390345004,0.4438495618213546,0.7264545818789407,0.30065520741754026
dimflux,wiki44k_40_3,17,8,0.8383517850103496,0.9129774617370449,0.240225632114469,1.0,0.6352691180330132,0.6110881251961744,0.6223442832655696,0.9454995994418969,0.6307403897905439,0.10756226959782611
dimflux,wiki44k_40_4,20,10,0.7177426763187007,0.964588353782446,1.0,1.0,0.955527644903599,0.7534403911384562,0.2585875666671728,0.5734098024448475,0.815523685590545,0.28882526728005153
dimflux,wiki44k_40_5,18,8,0.6513670273712638,0.9888283818056665,1.0,1.0,0.9282301121023078,0.8080249838039145,0.49698410725651987,0.6299017387572909,0.7137234024231929,0.6285371929793909
dimflux,wiki44k_40_6,17,7,0.7277320773578352,0.9813878819320238,0.7097787997348208,1.0,0.9465345526891918,0.9362195529884854,0.29215304984061263,0.659187725765412,0.7838625790595866,0.42802861059023534
dimflux,wiki44k_40_7,22,11,0.657176613482916,0.9761673998142318,1.0,1.0,0.6555498253506069,0.40549843719312006,0.20041059878206186,0.5620373592286583,0.6462701035933105,0.5120194680169626
dimflux,wiki44k_40_8,29,16,0.716832604116768,0.9497005061619384,0.965097266176881,1.0,0.9234732523907747,0.7019883182750025,0.2644921264361784,0.7894229184951403,0.7963051849551543,0.1974479951685254
dimflux,wiki44k_40_9,22,10,0.703710991789865,0.9748115450113352,0.6197111263431685,1.0,0.8014262312996838,0.7766813063833254,0.2707138445836969,0.7703966138651739,0.6695182329216037,0.250841028637227
dimflux,wiki44k_50_0,31,15,0.6788137053861417,0.9639323760514302,0.8861497015523492,1.0,0.8993928601674135,0.7418679420222353,0.27642141701479256,0.936138782557248,0.7943612317232862,0.30525480296187224
dimflux,wiki44k_50_1,30,13,0.6654903764060188,0.971947424040964,1.0,1.0,0.8614561133570711,0.8094541898045879,0.15803027257367377,0.8887184847373399,0.6166543408601661,0.2611298304919937
dimflux,wiki44k_50_2,25,13,0.6994025546459763,0.9328408167574167,0.6010422750206378,0.9826086956521739,0.9356956996865344,0.7643933501387541,0.22885237109213544,0.6057844540370954,0.7859402777112281,1.9642938386965625e-09
dimflux,wiki44k_50_3,49,19,0.6288819493208875,0.9708977617009514,0.6326607630825554,0.9800747198007472,0.6457862838268649,0.7884710089207154,0.15198701959032884,0.8139503289665403,0.5049280823200943,0.20913093655037185
dimflux,wiki44k_50_4,28,14,0.6709008635373108,0.9788614088147528,1.0,1.0,0.779680238776411,0.6822060263410197,0.2644811428564554,0.6180797577725609,0.6164032278932808,0.3190838457270684
dimflux,wiki44k_50_5,19,9,0.6602814702168972,0.9851552677998499,1.0,1.0,0.8008306801785686,0.7611090706719701,0.208164489582868,0.5474541886224926,0.577721655182571,0.505280149548909
dimflux,wiki44k_50_6,27,14,0.5791129362392563,0.9658316862774385,1.0,1.0,0.920066803160759,0.7644342230929332,0.30206033628412615,0.7412211188733508,0.45728410469900815,0.3760774316177089
dimflux,wiki44k_50_7,32,14,0.6600049656666109,0.9629194992425483,0.7358630771126002,1.0,0.8585152733738544,0.818907407142226,0.15637333503514522,0.8002599990997888,0.6203265309575106,0.27354416100404677
dimflux,wiki44k_50_8,24,10,0.6229748731893626,0.9763997766117124,0.7038393196908217,1.0,0.8347359783680998,0.7104772676497879,0.14768334104684985,0.6552878611916402,0.5600462212173913,0.4306199199703413
dimflux,wiki44k_50_9,20,10,0.6583831929827503,0.9911433127301768,0.8310318752683101,1.0,0.8157810538630825,0.7821724808539076,0.2765403893077286,0.5484825049389839,0.5853997067417764,0.5627248279591079
dimflux,zoo10_0,13,4,0.702598476818138,0.9945029044479401,0.8756098730411114,1.0,0.8602694937747903,0.8819022096785857,0.3730833982485684,0.5802076582312208,0.8904196662608348,0.7788725754618542
dimflux,zoo10_1,13,5,0.7026274818649715,0.9943298495501813,0.8911381263893471,0.9565217391304348,0.668366234625849,0.8391488330629776,0.917691665946778,0.4674765736055898,0.5557659439241898,0.820200621640224
dimflux,zoo10_2,14,6,0.6861004120357395,0.9962288215352655,0.8758332338228532,1.0,0.7550420599673866,0.8815713562093108,0.28980997379169765,0.5105577918153759,0.6465607650853245,0.7837180551663282
dimflux,zoo10_3,14,6,0.7005642939246073,0.990020562871675,0.77309293400469,1.0,0.7025562480923586,0.8619131930919934,0.45152870642576914,0.6519707697522512,0.5956433517553275,0.7936094182963785
dimflux,zoo10_4,11,4,0.6753919964598597,0.9991741845500578,1.0,1.0,0.7121896214335244,0.8253798349150685,0.4908813466682588,0.48230447913848884,0.45621991396637607,0.9418277273918655
dimflux,zoo10_5,12,4,0.7024491119593971,0.9974834266306105,0.9261498010979691,1.0,0.8717642459644322,0.7895519248545588,0.43393585684852665,0.4692234797280769,0.5922079286784943,0.8617934413375263
dimflux,zoo10_6,10,4,0.7462084970318251,0.986283191936105,1.0,1.0,0.7922095576772156,0.8992553625702467,0.2555534189840485,0.34829306740169386,0.7289599546147465,0.47182072655161544
dimflux,zoo10_7,7,3,0.6336158767762682,0.9995981516864614,1.0,1.0,0.9050696292115662,0.9236281046851369,0.634511532081633,0.306873278571435,0.7216306620563018,0.9740585744510253
dimflux,zoo10_8,8,3,0.6551858354823704,1.0,1.0,1.0,0.8755432974605474,0.997531252719603,0.8755432974605475,0.4402953314353303,0.7701022212650455,0.999896870335003
dimflux,zoo10_9,26,7,0.7024256451771358,0.993796548098056,0.8743903700015934,0.9901960784313726,0.7370875831296304,0.6193818575392405,0.2690565163379892,0.7095560258017577,0.774323234127873,0.6873108335885906
fdp,ben_and_jerry_ice_cream,16,6,0.6266032414303895,0.9861975797157498,0.7142584448388696,0.9767441860465116,0.7529100730979628,0.8251155805412063,0.2208893970209155,0.4912723687529954,0.6357418251042339,0.5274943858658678
fdp,bodiesofwater,12,4,0.6744276308013023,0.9999931855879182,0.878833832545093,1.0,0.8319914550465609,0.785447644999005,0.9278637515468072,0.5750337828325096,0.47155243251217394,0.9786207354022614
fdp,car,24,8,0.6927956885688581,0.9901626366113478,0.8413904697063197,0.9905956112852664,0.7857751319307219,0.7655189129422981,0.35326830712010837,0.6628753240200052,0.6453359950753033,0.5005514149801826
fdp,cn3,8,3,0.5678000219631193,0.9708024956091926,0.7034000658893577,1.0,0.8253752749051475,1.0,0.7073188848516047,0.7438478550696797,0.7583431611794504,0.5044657852995097
fdp,cn4,16,6,0.6732975829928792,0.9914084351665134,0.8637411727258448,0.9761904761904762,0.8707745966745496,0.9999999999999993,0.8707745966745496,0.8,0.7557677846149791,0.77696772742874
fdp,cn5,32,10,0.6813805588694289,0.9811722832514045,0.8250792033642418,0.9587939698492463,0.7745659843755088,1.0,0.7057356637623843,0.7592620365109548,0.9182587398715754,0.0
fdp,cn6,32,10,0.6813805588694289,0.9811722832514045,0.8250792033642418,0.9587939698492463,0.7745659843755088,1.0,0.7057356637623843,0.7592620365109548,0.9182587398715754,0.0
fdp,convex_ordinal,37,11,0.6554562354044043,0.9845563790251745,0.7430060119500881,0.9743346007604563,0.6874829695789946,0.6779759416956668,0.5026088726793528,0.5575577175867188,0.5363705850597933,0.17973826182976238
fdp,forum_romanum,19,4,0.6987230859823568,0.9978850793656495,0.8755435483701764,1.0,0.8744608314459699,0.5336137336423575,0.7231925923426972,0.5738957959976281,0.7968933381887382,0.9036324566979608
fdp,futtertabelle,16,6,0.6524405596692231,0.9851150017433281,0.6933529624633459,0.96875,0.6893796833425498,0.8851090486779454,0.7648988565573159,0.41660013906571103,0.5553926704370483,0.43980505255005864
fdp,icfca100_0,26,20,0.6189559378983622,0.6273635518338531,0.6817828588038282,1.0,0.8520926212937857,1.0,0.23500208588184598,0.6591777699217031,0.6908412419265781,0.0019269098223214653
fdp,icfca100_1,25,22,0.5876038135337494,0.4747213703358075,0.5808691741770788,1.0,0.8329989967786487,1.0,0.23674395927441416,0.578078031045101,0.7750552774878068,0.0019646229248396763
fdp,icfca100_2,25,22,0.5874474832063828,0.47470381428547426,0.5807190725370652,1.0,0.8330034947413881,1.0,0.2367419290914693,0.578078031045101,0.7758191576109175,0.001470704382278032
fdp,icfca100_3,26,24,0.6222572343716514,0.4495471187806452,0.5710160145202408,1.0,0.9056642775730291,1.0,0.47459558595863816,0.6437242006549049,0.7775477379996257,0.0005968999742798076
fdp,jektivitaeten,21,7,0.6902636413084201,0.9909129153987881,0.8938358112422004,0.9898477157360406,0.8545116849834481,0.7227359048250166,0.4422264786287977,0.7332191555667036,0.7537023400029765,0.7749879143868725
fdp,linear_extensions,10,4,0.7061587477549286,0.977184532506488,0.7316987194046103,1.0,0.9001204055633019,1.0,0.9001204055633019,0.5471804688852169,0.7673796185986047,0.0
fdp,living_beings_and_water,19,6,0.6644995789566193,0.995467562941799,0.9026167122882045,0.9913793103448276,0.6470661372910593,0.69874711312664,0.4789547855077352,0.6115262359176945,0.44985906401685605,0.7577046596929178
fdp,mushroom15_0,10,4,0.6796536354892977,0.9992974543394347,1.0,1.0,0.6942829077680325,0.8478790814321957,0.65202864566526,0.41770023250641,0.5545070184647627,0.9885748438772294
fdp,mushroom15_1,22,8,0.6367581859913857,0.9774576916853442,0.7116693904649307,0.9885714285714285,0.5208757958500243,0.8220950467846673,0.17556955044108755,0.6431540779271562,0.5649065176691708,0.2733288865851631
fdp,mushroom15_2,19,8,0.6434385949810252,0.9810078828035931,0.6726124470557014,0.9876543209876543,0.6291261255045755,0.6585735182271133,0.34082994523374516,0.5184438007768285,0.6067703014398649,0.42844165695978553
fdp,mushroom15_3,11,5,0.665679926558558,0.9903430563206899,0.9068764626238925,1.0,0.647587049594558,0.8466941044001357,0.2269441823114873,0.3555451172213042,0.5332487676172618,0.6767067775111466
fdp,mushroom15_4,22,8,0.6628342084034646,0.9789874298528147,0.7341354251564538,0.9705882352941176,0.5743361309784676,0.5714518539331357,0.18127243325339815,0.5314459436975117,0.5344865451350651,0.45162557931987435
fdp,mushroom15_5,34,10,0.6585862952889897,0.9734402113392043,0.7318129976391035,0.9251170046801872,0.47851102897743736,0.5856385264846707,0.2242664350812747,0.5478374158056409,0.5826860984785378,0.22131209963788123
fdp,mushroom15_6,20,8,0.6442209692484745,0.9768772115549267,0.8214977780791759,0.9361702127659575,0.5328510219906204,0.7917553166700213,0.10656249526619321,0.4570681275516403,0.5972865493583492,0.3800892393175501
fdp,mushroom15_7,19,9,0.6192518311040464,0.9622660127042123,0.6733745644671619,0.904109589041096,0.7043559502473308,0.8945799777758887,0.13198615491176946,0.5559871328069143,0.5927838340337082,0.39765844440570297
fdp,mushroom15_8,11,4,0.6518201546279048,0.9928137636569125,0.835497455481595,0.9375,0.9113604414489471,0.8354562762111033,0.45728610037651973,0.4951492677350219,0.6003753974749186,0.7361719048848967
fdp,mushroom15_9,32,11,0.6967828059675096,0.9688103356808037,0.7128403845018794,0.9671848013816926,0.04146632974783193,0.6447191096919505,0.16356440962532326,0.6310814076920441,0.6591861670312009,0.21235702406597456
fdp,papier,16,4,0.6980647770659936,0.9954208487897376,0.8022115960815589,0.9428571428571428,0.6949030106028597,0.6545010344114173,0.751773466209728,0.5637905743547948,0.5288571930173029,0.79577974685202
fdp,part4,15,7,0.7232174159642022,0.9234783263542661,0.6562210731921138,0.85,0.8521798043310351,0.7384692103987276,0.5730181033677789,0.615987148014588,0.7668975372721457,0.0
fdp,random0,25,6,0.7051073508887186,0.9943135656529126,0.8270496089334028,0.98046875,0.802892812849672,0.7037962737298924,0.5019733351433706,0.6516471864251991,0.6000490213502274,0.5897029352696738
fdp,random1,24,7,0.6517700152308181,0.9826276411659808,0.7417335155057772,0.9313304721030042,0.43045748384943894,0.7753947062681441,0.1586471195289644,0.5185972948986303,0.5268890807921384,0.275112001112504
fdp,random10_0,12,5,0.669704878190201,0.9868868880417307,1.0,1.0,0.7107374490312748,0.8836502129912038,0.5589074650811764,0.3160646533682121,0.6059212074655219,0.63325482380419
fdp,random10_1,16,7,0.6535419629546958,0.9640970569369715,0.7243320087693147,0.9591836734693877,0.691216727151359,0.7444297166170479,0.13184187932456026,0.4058453242761967,0.6472687427930768,0.3486041669006922
fdp,random10_2,15,5,0.6569866913445059,0.9880505904731727,0.9131374049876739,1.0,0.6839318146663929,0.7359264445402152,0.32646639273898753,0.4575361383015386,0.5943359598582025,0.621807986811724
fdp,random10_3,19,7,0.6194815349899827,0.9668813212176798,0.7504125578289552,0.9489795918367347,0.733477917971374,0.7561435063304767,0.3484613893018249,0.4430105517069466,0.6543621439011909,0.29713228928671986
fdp,random10_4,16,6,0.6814987946417792,0.983401592781662,0.7790794328840781,0.9122807017543859,0.7799158781963261,0.7174186581658012,0.18712670533438985,0.44708881675730583,0.5320302442034421,0.6647433370520854
fdp,random10_5,11,6,0.5055690874965365,0.9682403388972884,1.0,1.0,0.6785271050524273,0.9429246966062502,0.16333728205493753,0.2930451172213042,0.5524437993954983,0.6205584677832352
fdp,random10_6,13,6,0.5766155478394435,0.9683155262817663,0.7318729831705428,0.9,0.7151716524592905,0.8151420731941601,0.264586556126757,0.4245644609645238,0.5172540313210652,0.48060291979130876
fdp,random10_7,17,6,0.6347976402340382,0.9864540755364106,0.7026659268446653,0.9833333333333333,0.5471005689392063,0.6344950125418792,0.1425405640035906,0.4455583076528731,0.4664553386969491,0.5206886432127881
fdp,random10_8,29,12,0.679914065290311,0.9472198683430739,0.5822064369872229,0.9479768786127167,0.6756700642168492,0.650045721083615,0.25015957864895993,0.729219967850101,0.608331773774533,0.13003087538816793
fdp,random10_9,11,5,0.6147454047547994,0.9856758692866183,0.9975641291612513,1.0,0.7217378032790335,0.8549836476352842,0.14055143626840028,0.3670399682807375,0.560998685559726,0.747926031372265
fdp,random2,19,6,0.7236547798780807,0.9808006616221745,0.8235116344038382,0.970873786407767,0.7309721099870308,0.9999415204678362,0.5648442890712677,0.6193152119426011,0.8486817114774851,0.0
fdp,random3,25,8,0.6999124275350782,0.9865114940213318,0.717326970562548,0.987460815047022,0.6946739477327224,0.751504330530997,0.5829785637383889,0.594122872444391,0.7000206677850818,0.326531462384961
fdp,random4,12,4,0.6407406144574543,0.9999980668835319,1.0,1.0,0.779089198110428,0.8891578603790976,0.634785675983942,0.5347954277867288,0.6058437549539109,0.9944731173514697
fdp,random5,14,4,0.6807078688648872,0.9942326015960269,0.7448607870956543,1.0,0.7460601105578109,0.8699653536639376,0.3624812413657508,0.4797695444987369,0.6109457520625777,0.7614598042833253
fdp,random5_0,12,4,0.679276641291306,0.9999999070265804,0.8956405461177172,1.0,0.971146897223996,0.954065484818012,0.971146897223996,0.796088486462045,0.8376826440970077,0.9945872508554692
fdp,random5_1,7,3,0.6016349555949551,0.9970616840328665,0.8109849834890411,1.0,0.998414464893598,0.7799055317630966,0.7581532532740818,0.5314536459234778,0.47464730482795947,0.8907693183609113
fdp,random5_2,11,4,0.6644369619884645,0.9942432038004552,0.717257618799592,0.875,0.9349271320150259,0.9397195359132038,0.41741990399439277,0.41906357547325956,0.6428900943076732,0.8272800834310519
fdp,random5_3,10,3,0.6571692454425447,0.999774846057475,0.9004737640703424,1.0,0.8324973650513372,0.8677494173018369,0.5718372192188669,0.6341148380334432,0.41074897402982014,0.9629950133971449
fdp,random5_4,9,3,0.6881043358415394,1.0,1.0,1.0,0.9575941078262665,0.9095653248347514,0.7988400058846946,0.5689711448487744,0.8150096155573173,1.0
fdp,random5_5,11,4,0.6884907358107683,0.9970588759772456,0.931653633339045,1.0,0.8466062134134609,0.7884825567655478,0.5191556258692392,0.447845992193051,0.47832284656935264,0.8116372354185033
fdp,random5_6,10,4,0.6302728739695697,0.9987521543909037,0.8705280511631522,1.0,0.8682615652779966,0.967570239782118,0.864692908119509,0.4694231782046637,0.6053888780079606,0.8161607690051172
fdp,random5_7,11,4,0.6566343504248852,0.9994806223283548,0.8663478607610904,1.0,0.8807822918582168,0.8897028344720361,0.6112627982163813,0.6616238373518158,0.6828871938356035,0.837750501752869
fdp,random5_8,12,4,0.679276641291306,0.9999999070265804,0.8956405461177172,1.0,0.971146897223996,0.954065484818012,0.971146897223996,0.796088486462045,0.8376826440970077,0.9945872508554692
fdp,random5_9,9,4,0.7461963134904975,0.9848058572582622,0.7172633992317756,1.0,0.8010636346842084,1.0,0.7264506975644361,0.5329228847489869,0.7286200550078513,0.8197107092586231
fdp,random6,21,8,0.6666342368205551,0.9712153181743419,0.785087384584215,0.9690721649484536,0.8879857387481228,0.8572377092253813,0.8879857387481228,0.6948787954421776,0.67639279116785,0.4032179835663626
fdp,random7,17,6,0.7325056994233454,0.9672933283270652,0.6685810657148193,0.9534883720930233,0.7810629350893828,0.9999673225307066,0.47753142203143106,0.6275042608955947,0.8669010990527701,0.0
fdp,random8,15,6,0.6217107930543461,0.990266365834963,0.7936106585325668,0.9696969696969697,0.6364095639144829,0.849665175673473,0.1698400241986326,0.5500710656799295,0.5766913441695064,0.7606551810077604
fdp,random9,25,8,0.6754522970993958,0.9930115429740609,0.7162880437122939,0.9776357827476039,0.2297939672192515,0.830771533860164,0.2731945975427603,0.637986578701411,0.5162070749787324,0.5032632099523568
fdp,randomsmall0,12,4,0.6728946884372432,0.9976086064651524,0.7810685306080993,0.9333333333333333,0.7986529445539329,0.8201911154754861,0.6802307245486927,0.5099856506306277,0.44167178910788873,0.8994972431419802
fdp,randomsmall1,9,3,0.6621177152096123,0.9999931560764312,0.7930772120279007,1.0,0.9937656524718387,0.9117307565067994,0.6597329556543509,0.5748066250872038,0.7715245103836826,0.9348626237212315
fdp,randomsmall2,19,6,0.5984770708608765,0.9878375244103323,0.7452239438814753,0.9468085106382979,0.4581176244815467,0.9286207313431745,0.4479730262122665,0.577882672791244,0.5080894971217371,0.3962261417069757
fdp,randomsmall3,10,3,0.6716275046415048,0.9999727173585129,0.8942127020748152,1.0,0.9676646391369942,0.9304148004320684,0.9676646391369942,0.6574593285051991,0.8358420925719963,0.9769494766026892
fdp,randomsmall4,13,4,0.6527330977136836,0.9918281565325379,0.8966241544146465,1.0,0.8935921750775863,0.8903394811535001,0.4072433296097165,0.44687637832093496,0.7461266671063829,0.6849693305792162
fdp,randomsmall5,15,5,0.7599359005563732,0.9552340361584921,0.5435322031706264,0.9423076923076923,0.774862186284736,0.9998464204326348,0.8955821206408653,0.6922223660031022,0.8124575007134635,0.0
fdp,randomsmall6,11,4,0.6672750926853699,0.9914654303769116,0.8346349280957108,1.0,0.6294812013445978,0.8876697630878074,0.23417412945227206,0.39589890402111816,0.4595863730317076,0.8003245136943878
fdp,randomsmall7,15,5,0.671644756206901,0.9875072140162646,0.6744323091695197,0.9583333333333334,0.7612263942510388,0.8714105506810562,0.34809499637142755,0.530676558073393,0.5739586567610202,0.5175924590502616
fdp,randomsmall8,12,5,0.6386414277419761,0.9827646106346428,0.7799849801208746,1.0,0.9455333219999895,0.9220791835575409,0.6242940090756756,0.4294312013505531,0.7147979611433712,0.5907537792349999
fdp,randomsmall9,17,5,0.6831660991125695,0.9986326763023115,0.8938742153873139,1.0,0.5149057275983928,0.7643310195422173,0.3184692321691438,0.47205287852142386,0.5175343540619655,0.96411842252297
fdp,therapie,23,6,0.7167800919108932,0.9955086602874512,0.8090130528198686,0.9615384615384616,0.8613394656084548,0.7260865447199418,0.590612281663677,0.8267841103875422,0.7401354503653126,0.8263492154573614
fdp,top_level_categories,37,16,0.7141513665319101,0.9538997664101738,0.7779550697944536,0.9495798319327731,0.7680759145502946,0.9999999999999999,0.39053485449175046,0.7355534593316453,0.9064324325282521,0.0
fdp,triangles,18,5,0.639147794649928,0.9980340505160696,0.8239249778453009,0.9850746268656716,0.6735865748766389,0.8792437578236308,0.190891440588876,0.5081329372962162,0.6086433028812064,0.8204774010212444
fdp,wiki44k_40_0,15,7,0.6196680780318968,0.9743013782658048,1.0,1.0,0.7820173253618721,0.7775125451949898,0.1422361093180663,0.5326222348744052,0.5523312205310544,0.46861834255035706
fdp,wiki44k_40_1,22,10,0.5747464791621413,0.9536898478921499,0.733688617248033,0.979381443298969,0.632565701249062,0.6614473090801429,0.10895650920061142,0.6072123003244188,0.6129049375341087,0.20913669762375564
fdp,wiki44k_40_2,11,7,0.5438482216425339,0.9338160637765522,0.8611126120000642,1.0,0.9213198059906041,0.9333090805641323,0.22804003617680768,0.3125,0.7205363438861799,0.4074652064624087
fdp,wiki44k_40_3,17,8,0.6086126743599501,0.971618292862868,0.6595011082052216,0.9655172413793104,0.6649986444082017,0.6791417500069625,0.292342041680772,0.4508364796389088,0.6726339542588693,0.4518769177407035
fdp,wiki44k_40_4,20,10,0.6073561405316056,0.9704083845168123,0.8083257775299859,1.0,0.5841831761905347,0.6356160373412683,0.2357707030769151,0.5066960807370069,0.6754572053959345,0.31827679204140036
fdp,wiki44k_40_5,18,8,0.6047536379941014,0.9602300980257783,0.7812041239472565,1.0,0.7673245287821491,0.7685579972856262,0.3526675931761144,0.5446875043222703,0.6268368095862349,0.37747135702184087
fdp,wiki44k_40_6,17,7,0.5757249571031151,0.9754481828139357,0.843038308569206,1.0,0.5527447646105732,0.7114818640394687,0.14160129939857619,0.5862184669785946,0.5868052213802839,0.42026199731775604
fdp,wiki44k_40_7,22,11,0.6196320543136292,0.9201352915697905,0.6435129368752569,1.0,0.654159153880931,0.6336471407165356,0.11368946859582507,0.6528209282506415,0.5693165711640714,0.10340900521071239
fdp,wiki44k_40_8,29,16,0.9993543932043524,0.25953001838218387,0.001215636874657533,0.9682539682539683,0.955482950043593,1.0,0.13676211617646594,1.0,0.9905665765119129,0.0
fdp,wiki44k_40_9,22,10,0.6257419019619217,0.9579224331541628,0.6574952462635899,0.9743589743589743,0.45130722692488834,0.7555618303250067,0.1912302971143874,0.5357361893230497,0.6090973964865238,0.33340644273047604
fdp,wiki44k_50_0,31,15,0.594525771036878,0.9276074216648984,0.6321059577710175,0.9742489270386266,0.5607957802140713,0.34286183299116824,0.09240502757855897,0.5871672251138478,0.6218754292104239,0.1515033367311458
fdp,wiki44k_50_1,30,13,0.6342979231889239,0.9531151111069419,0.7641166542181713,0.9907834101382489,0.5882892579786881,0.545468533754665,0.23867740337505997,0.6753540234952896,0.6629691124312191,0.24994532734193253
fdp,wiki44k_50_2,25,13,0.5821212316739501,0.9465417408674194,0.6449213169398627,0.9652173913043478,0.3813956631906683,0.5272069211310111,0.10970628520880843,0.5712469733971122,0.7091431469191363,0.20834595820403656
fdp,wiki44k_50_3,49,19,0.8127895687784993,0.8030963396190736,0.44231497264892083,0.9788293897882939,0.7469636799342788,0.8918489634321546,0.09284079711228048,0.8448431633404001,0.8680767821944126,0.00017333934047658595
fdp,wiki44k_50_4,28,14,0.999586748066631,0.40026694770374766,0.0005230873855662788,0.9777777777777777,0.900783741598449,1.0,0.10435116094657672,1.0,0.9910148362117388,0.0
fdp,wiki44k_50_5,19,9,0.6124320050461308,0.9671829607407627,0.527409920613474,1.0,0.6845609035188561,0.75586603555027,0.2253954485933447,0.5146357573597297,0.6684163258007896,0.3502429852703679
fdp,wiki44k_50_6,27,14,0.7150976775781318,0.9212372597855233,0.6668817495188862,1.0,0.8037051817086699,0.545379926503063,0.15602467903250222,0.611003637726675,0.7086895627137733,0.09732882103513774
fdp,wiki44k_50_7,32,14,0.5709599031037806,0.9427822812671662,0.6536275575918671,0.9732824427480916,0.4860179168561588,0.7635524499382336,0.1517937576837425,0.6738123273437903,0.6380339454443393,0.20081464341938748
fdp,wiki44k_50_8,24,10,0.6129338584246389,0.9611412650597896,0.7062399390926631,0.9777777777777777,0.3663415258984599,0.661860537698608,0.142094946690225,0.5326648745210234,0.6594380642334017,0.30997155416283184
fdp,wiki44k_50_9,20,10,0.6262044954747114,0.9738727998586199,0.781257357709773,1.0,0.7235556802492668,0.8222697826791423,0.14083150427526273,0.7131607270989637,0.6619060595136151,0.34437940807908984
fdp,zoo10_0,13,4,0.6409220909423774,0.9991078031626808,0.8584675826368475,1.0,0.7733090303259947,0.8209064441730055,0.4539867102660505,0.5794887752866636,0.5346280340177749,0.9560624710618398
fdp,zoo10_1,13,5,0.6733762111831325,0.9959581107643952,0.7353288754447913,0.9565217391304348,0.8148329189667963,0.8699239345360082,0.6229563109608222,0.4674765736055899,0.5633344584783615,0.7867602945265675
fdp,zoo10_2,14,6,0.6649516332520383,0.9909564403829353,0.7553047453246214,0.9722222222222222,0.6421890042446513,0.9356980615210226,0.252877178600767,0.6161527321069854,0.7141438134870224,0.6417590086858427
fdp,zoo10_3,14,6,0.6543111143351926,0.9887123138250451,0.7454248356515634,0.962962962962963,0.8370388791702303,0.9090133113282169,0.45569235358737115,0.5140614560991512,0.619103868484321,0.5657684479181345
fdp,zoo10_4,11,4,0.6569404493072099,0.9947357887217169,1.0,1.0,0.845164453867221,0.8342118178246231,0.30818875117549704,0.49688987130404905,0.5887614139068333,0.881773981703573
fdp,zoo10_5,12,4,0.6846088993144324,0.9955256447453265,0.930364655463246,1.0,0.8994759868318705,0.8400531196135359,0.5752613071924415,0.42332812407133713,0.540240257836159,0.8032733220404649
fdp,zoo10_6,10,4,0.6501400556861981,0.998314658175705,1.0,1.0,0.8050003500390549,0.9247879569709767,0.717276919353971,0.5064788518376353,0.5644163446218233,0.8641736912262082
fdp,zoo10_7,7,3,0.6458120291017492,0.9992837395944264,1.0,1.0,0.8873009598573077,0.8530230412538866,0.4153774739494753,0.4470798904762032,0.5193674129295952,0.9739694926008051
fdp,zoo10_8,8,3,0.6628396288180494,0.9998657461404973,1.0,1.0,0.7886629764658637,0.9264273880994757,0.7278991096342514,0.5325273770753876,0.5927232511115932,1.0
fdp,zoo10_9,26,7,0.6954592871226474,0.9941814243073179,0.8722407577115583,0.9901960784313726,0.29522714091309976,0.7329973308488128,0.2883845039596728,0.5998162006533658,0.5484356074519099,0.6970393773188701
freese,ben_and_jerry_ice_cream,16,6,0.8096725102016018,0.9739855473713891,0.5832854389696671,0.9767441860465116,1.0,0.7438392959615053,1.0,0.7873273036431828,0.6548182427067369,0.0018433927775086678
freese,bodiesofwater,12,4,0.7893114032445904,0.9992791900576511,0.7897147305519407,1.0,1.0,0.7995506770254188,1.0,0.7309031513226287,0.7229902769497407,0.9097674095334392
freese,car,24,8,0.7674641673317133,0.9760553702282116,0.7069135524729713,0.9592476489028213,1.0,0.8137937107405228,1.0,0.7658087274702869,0.7814097054838927,0.17306982400827464
freese,cn3,8,3,0.7112765545481499,1.0,0.8661373316419336,1.0,1.0,0.9895074570185115,1.0,0.7438478550696797,0.8082326017904695,0.9850699811124592
freese,cn4,16,6,0.7196607191949899,0.9673055174525567,0.7308091759103695,0.9285714285714286,1.0,0.7678487484353651,1.0,1.0,0.6981612426638342,0.4284036896326463
freese,cn5,32,10,0.7315342990947373,0.9674891250102374,0.6998133476775481,0.9246231155778895,1.0,1.0,1.0,1.0,0.6993018983028861,0.24812864874889307
freese,cn6,32,10,0.7315342990947373,0.9674891250102374,0.6998133476775481,0.9246231155778895,1.0,1.0,1.0,1.0,0.6993018983028861,0.24812864874889307
freese,convex_ordinal,37,11,0.7792753520324741,0.9827036272082599,0.7005340886792631,0.9771863117870723,1.0,0.6504805699096414,1.0,1.0,0.6908516084891694,0.21043395777237361
freese,forum_romanum,19,4,0.8249772247830524,0.9839154212817193,0.6615361475427748,0.9722222222222222,1.0,0.7633722393204265,1.0,0.708359008718271,0.6610664564580179,0.03277899596545342
freese,futtertabelle,16,6,0.7706243739928588,0.9740079283180798,0.6656738295952994,0.984375,1.0,0.8039018195674053,1.0,0.7271793860554167,0.6594136995190882,0.10450443478307259
freese,icfca100_0,26,20,0.6096599774978696,0.9140153247170534,0.4713269819085537,1.0,1.0,0.737853739961223,0.4060071903934924,0.6035354424674304,0.7124802404314994,0.012787029267152583
freese,icfca100_1,25,22,0.57410602557195,0.8976893805663613,1.0,1.0,1.0,0.5641286059487701,0.4547844667791649,0.8324530371233057,0.7409637177908869,0.007143339432490681
freese,icfca100_2,25,22,0.57410602557195,0.8976893805663613,1.0,1.0,1.0,0.5641286059487701,0.4547844667791649,0.8324530371233057,0.7409637177908869,0.007143339432490681
freese,icfca100_3,26,24,0.46337433466894024,0.8919239337553699,1.0,1.0,1.0,0.6679132550041258,1.0,0.5633414055643224,0.5083624841105789,0.06430379452038526
freese,jektivitaeten,21,7,0.7665760293750776,0.979130050492618,0.6875200903124334,0.9390862944162437,1.0,0.6823536908113521,1.0,1.0,0.680633124493855,0.06045422307392134
freese,linear_extensions,10,4,0.7060990762055547,0.9735882056942754,0.6301782019533573,0.9166666666666666,1.0,0.9918041406012831,1.0,0.5235902344426084,0.8207147236707422,0.6765987295666389
freese,living_beings_and_water,19,6,0.8005855438289377,0.9885056821559743,0.6570716631713821,0.9913793103448276,1.0,0.8222838863060526,1.0,0.6773612277809071,0.7257764024568639,0.11275250899049416
freese,mushroom15_0,10,4,0.8102833061911034,0.9977799880946817,1.0,1.0,1.0,0.8650803878041613,1.0,0.8445974198111873,0.628434468327913,0.9027658839041237
freese,mushroom15_1,22,8,0.7768656872632749,0.9720701409080885,0.6601261489411632,0.9771428571428571,1.0,0.7516094528913096,1.0,0.9683083032146379,0.638903623743299,0.12212222972673636
freese,mushroom15_2,19,8,0.7695366345103486,0.9732569738158559,0.4146814590142339,0.9753086419753086,1.0,0.6378305345047277,1.0,0.7026328815374188,0.7196197433753392,0.40661143513804354
freese,mushroom15_3,11,5,0.784687535969106,0.9721600234236646,0.3976464923056836,1.0,1.0,0.8188587106810723,1.0,0.5806446790426589,0.6127203950967963,0.026780566768529357
freese,mushroom15_4,22,8,0.7880947234419231,0.9741107858338873,0.6835858295839251,0.9529411764705882,1.0,0.7495768494900757,1.0,0.7791680937299638,0.700157856255747,0.38458591030572487
freese,mushroom15_5,34,10,0.8133817640414448,0.9762645034362721,0.6018430209205665,0.9516380655226209,1.0,1.0,1.0,0.9675882698902503,0.5982204376544226,0.0038616085040799053
freese,mushroom15_6,20,8,0.7808177825518435,0.9735851759570406,0.6527104950196978,0.9893617021276596,1.0,0.7299244148299138,1.0,0.7285331067463219,0.6603956178110773,0.023905020525965215
freese,mushroom15_7,19,9,0.7561995975911019,0.9706295093431127,0.6781431495757444,0.9589041095890412,1.0,0.7709145702575337,1.0,0.9177271919897882,0.7194066106245248,0.36327089435096005
freese,mushroom15_8,11,4,0.7570770599110047,0.9788827397293047,0.7687560054893675,0.9375,1.0,0.6447974254237445,1.0,0.7342329746026538,0.6806595842233025,0.04568493864145473
freese,mushroom15_9,32,11,0.8040459608975644,0.9745895716456646,0.5543862693059125,0.9775474956822107,1.0,0.6932715609766238,1.0,1.0,0.6461780642039767,0.029307696429804353
freese,papier,16,4,0.8140269751139708,0.9940452502080043,0.6605611448930588,1.0,1.0,0.5229577761358217,1.0,0.8263625531030468,0.538063338517061,0.6509169350029851
freese,part4,15,7,0.6611086866278915,0.9422951477510917,0.6698563451819777,0.7833333333333333,1.0,0.7589016993466704,1.0,0.6488389434617854,0.7450381695328703,0.26456536419931054
freese,random0,25,6,0.7993609411510925,0.9864800124899806,0.6648223501741444,0.98046875,1.0,0.6929769680853072,1.0,0.9749390243503944,0.623859485598417,0.37550219061439793
freese,random1,24,7,0.8146908940995956,0.9743408728064381,0.595068505734903,0.9656652360515021,1.0,0.6583584933143849,1.0,1.0,0.6279591619215148,0.034351357759695667
freese,random10_0,12,5,0.7338834491771808,0.9614133776068882,0.4195176496834522,1.0,1.0,0.8674420151646254,1.0,0.6285301020030701,0.7113222831933204,0.44371546143531304
freese,random10_1,16,7,0.7469461112898257,0.9538937257248166,0.5886484871004465,0.9591836734693877,1.0,0.6371151051592645,1.0,0.8769234250070547,0.683650666128767,0.11362966076323278
freese,random10_2,15,5,0.7639889702090142,0.9705660151462295,0.673674873710364,1.0,1.0,0.4971863935188525,1.0,0.7410798077591356,0.7301498466703322,0.44359101917666044
freese,random10_3,19,7,0.7589044542417281,0.9740447666357277,0.6994907147967883,0.9489795918367347,1.0,0.785734395638499,1.0,0.8452811134424291,0.6951543501896771,0.15302765939804785
freese,random10_4,16,6,0.7871421545840734,0.9655120023680417,0.6114401528372267,0.9649122807017544,1.0,0.7677715859390256,1.0,0.7950581656632578,0.7109890796041736,0.08668418719052107
freese,random10_5,11,6,0.8092224071221735,0.9445609275981197,1.0,1.0,1.0,0.8733916052021753,1.0,0.5625,0.6648372798809019,0.26709540058876236
freese,random10_6,13,6,0.7621684430893083,0.963839154361477,0.5459492244538037,0.95,1.0,0.805327934271997,1.0,0.5891097395023064,0.7499829368249995,0.058445922501605296
freese,random10_7,17,6,0.7891786321741376,0.9735272940384297,0.6120566641936214,0.9833333333333333,1.0,0.7670784229318383,1.0,0.7787905148143441,0.6959008588039102,0.006244819454399586
freese,random10_8,29,12,0.743396558969382,0.9660607298929976,0.6264216410602127,0.930635838150289,1.0,0.5954214988567788,1.0,0.9796516002741886,0.6451588760882816,0.1557591742625194
freese,random10_9,11,5,0.8067600220549456,0.985585367872479,1.0,1.0,1.0,0.8259331416538698,1.0,0.5164322157797976,0.6623260948739544,0.29959231875533554
freese,random2,19,6,0.7793076086048062,0.9826321675719393,0.7707984338764519,0.9902912621359223,1.0,0.6935900261004557,1.0,0.6443643647620825,0.6069672705234745,0.043315580324993275
freese,random3,25,8,0.7563584437139537,0.9768978776896465,0.7256549750954391,0.9592476489028213,1.0,0.6305950211313861,1.0,1.0,0.7041074983468896,0.31059552475860863
freese,random4,12,4,0.8088664426589305,0.9985258782725512,1.0,1.0,1.0,0.897188464765445,1.0,1.0,0.5734767926962923,0.8786438416738567
freese,random5,14,4,0.8064043941408738,0.9934388978065978,0.69569431876911,1.0,1.0,0.7156930293602695,1.0,0.8330131387832574,0.6909203908698183,0.18156217520425455
freese,random5_0,12,4,0.7681923254360217,0.99959323317022,0.7922277275379879,1.0,1.0,0.7280963088718603,1.0,0.6365162584928172,0.693400995723904,0.9565993968206135
freese,random5_1,7,3,0.8050693016824467,0.9959915012541396,1.0,1.0,1.0,0.8652822329145767,1.0,0.16666666666666663,0.6467596520071097,0.9524998565454189
freese,random5_2,11,4,0.76790690003597,0.9943377569898941,0.743370147696504,0.9375,1.0,0.9306077311646634,1.0,0.554483544227946,0.7226851803445388,0.8178634919246217
freese,random5_3,10,3,0.7961661687719315,0.9798478541951712,0.6210679060360147,1.0,1.0,0.792654493255819,1.0,0.7448631827310277,0.6684839217844614,0.634257380565769
freese,random5_4,9,3,0.7954636546887194,1.0,1.0,1.0,1.0,0.8479157574096837,1.0,0.6178044571271262,0.678957339476581,1.0
freese,random5_5,11,4,0.7747020360166522,0.9931035447867925,0.7120170736020632,1.0,1.0,0.9086513183834263,1.0,0.4534637374607008,0.6198668659436406,0.7599104081022758
freese,random5_6,10,4,0.7565232857821771,0.9990254145740132,0.8140045962903689,1.0,1.0,0.8883983124717227,1.0,0.6020851561564067,0.7585007396336634,0.9075550951081203
freese,random5_7,11,4,0.7583129023742128,0.9997962769447415,0.8436882373627597,1.0,1.0,0.8032950074183806,1.0,0.7498642205306083,0.7499427124392389,0.9634530512996275
freese,random5_8,12,4,0.7681923254360217,0.99959323317022,0.7922277275379879,1.0,1.0,0.7280963088718603,1.0,0.6365162584928172,0.693400995723904,0.9565993968206135
freese,random5_9,9,4,0.721550032797107,0.9988828546741043,0.8564743095388714,1.0,1.0,0.8772887575342951,1.0,0.366016666683338,0.7291925819748788,0.9506933793901373
freese,random6,21,8,0.7552676534188184,0.9783382486326553,0.747876809361685,0.9536082474226804,1.0,0.7869259930066065,1.0,0.9001514686864452,0.7153041351807492,0.4260297641596291
freese,random7,17,6,0.7546077261666436,0.9681847684729749,0.6742353145508011,0.9186046511627907,1.0,0.7879926049559862,1.0,0.6881789656755848,0.692536987937291,0.08522069003846111
freese,random8,15,6,0.8248020674571902,0.9757819157410691,0.6279812559622969,0.9696969696969697,1.0,0.8367440713214624,1.0,0.6559560143260978,0.658605173529338,0.2643604529177115
freese,random9,25,8,0.7970630021926761,0.9798479352914947,0.6253530040440346,0.9744408945686901,1.0,0.7731416094824297,1.0,1.0,0.7101571154081316,0.011150047936696272
freese,randomsmall0,12,4,0.7805597599841948,0.9921474403511489,0.6747325303370675,1.0,1.0,0.7435263384409596,1.0,0.5595454218657094,0.6570429993084974,0.7643834048717715
freese,randomsmall1,9,3,0.7719452568579008,0.9949653581599541,0.7786049020221857,1.0,1.0,0.9365567183048159,1.0,0.740237193971707,0.815206614823289,0.9358823624320317
freese,randomsmall2,19,6,0.7775389770198925,0.9882716802757898,0.7685539654912937,0.9574468085106383,1.0,0.6181008159085055,1.0,0.9635083000382593,0.6835491678549187,0.5919918855345552
freese,randomsmall3,10,3,0.7584487766371915,0.9999516635987017,0.8303633124708156,1.0,1.0,0.8957940896616419,1.0,0.7514774036554668,0.7421551552730113,0.9627845771341187
freese,randomsmall4,13,4,0.7954021306180183,0.9721503276032137,0.6247650997352021,1.0,1.0,0.8467084630301316,1.0,0.7909313590834385,0.7021917225679057,0.05793123399313105
freese,randomsmall5,15,5,0.7567343182952345,0.9810626725001907,0.6594979889466464,0.9423076923076923,1.0,0.8325957235894436,1.0,0.7869039262238522,0.7004006302075588,0.010136121739598769
freese,randomsmall6,11,4,0.7718406809743305,0.9958150251292758,0.7009877775401208,1.0,1.0,0.8756103709988482,1.0,0.684496567079821,0.6134158920434707,0.80684767826192
freese,randomsmall7,15,5,0.793664505216167,0.9773452091826214,0.6870030440612505,0.9583333333333334,1.0,0.6915893062115405,1.0,0.9478252169789589,0.655144998518217,0.048505079162393216
freese,randomsmall8,12,5,0.7501370555072552,0.9784358602345322,0.6755347857716612,0.9444444444444444,1.0,0.8427026288789952,1.0,0.7178942643494802,0.6716446762669483,0.05776366897856666
freese,randomsmall9,17,5,0.801533635884499,0.9905165280157808,0.7320050979639412,1.0,1.0,0.785002118961201,1.0,0.7672411607617833,0.6786824655237567,0.597283152965242
freese,therapie,23,6,0.8066009743760549,0.9848857120234814,0.6481862760635781,0.9807692307692307,1.0,0.684788186453178,1.0,1.0,0.6621536176238538,0.09203912664789893
freese,top_level_categories,37,16,0.6813156717076848,0.9582187228653226,0.7353617905942293,0.9173669467787114,1.0,0.5666325470697823,1.0,1.0,0.6911749186129623,0.17828171780845647
freese,triangles,18,5,0.791277406762502,0.9920100580654568,0.7755416996005375,1.0,1.0,0.8200247466488754,1.0,0.9585013400147181,0.6980996133001732,0.14283680515801034
freese,wiki44k_40_0,15,7,0.7643992389531977,0.9769297822315068,0.42500520821189036,0.9565217391304348,1.0,0.8504059346232133,1.0,0.47686217868402403,0.7252471860775183,0.05383729729923592
freese,wiki44k_40_1,22,10,0.7950932449399026,0.9674831881630713,0.40142390139055306,0.9896907216494846,1.0,0.7797410806754738,1.0,0.6560271558543278,0.6907802437148752,0.015740495865217974
freese,wiki44k_40_2,11,7,0.6993372490477836,0.9423808006363625,1.0,1.0,1.0,0.8526911088024293,1.0,0.4610902344426083,0.7573933846887256,0.14669209132961425
freese,wiki44k_40_3,17,8,0.8326838201976241,0.971530581673536,0.5076584404371124,1.0,1.0,0.8142419203893924,1.0,0.7918338475451338,0.6951213186112004,0.027148512193433838
freese,wiki44k_40_4,20,10,0.7931657684632055,0.9644525045500975,0.5051022729482602,0.9512195121951219,1.0,0.6798868638413555,1.0,0.6826879357351687,0.6627834524795336,0.027819752443281276
freese,wiki44k_40_5,18,8,0.8051575121092156,0.9545238362604811,1.0,1.0,1.0,0.8208214535421099,1.0,0.6353511801019842,0.6355016412865993,0.1569095183462893
freese,wiki44k_40_6,17,7,0.7786046078461133,0.984192389318706,0.7038676693666471,1.0,1.0,0.8890095045568811,1.0,0.7801139512434563,0.768044721532972,0.17270019474335496
freese,wiki44k_40_7,22,11,0.8029148348809143,0.9534795960854942,0.5301930678083202,1.0,1.0,0.7522976164707667,1.0,0.86454142591257,0.6124303132722831,0.02579506393293507
freese,wiki44k_40_8,29,16,0.7626253639712823,0.9573759106750057,0.5366222465498889,0.9682539682539683,1.0,0.6090301380717162,1.0,0.8031856396575268,0.6328838815041706,0.013033266687584089
freese,wiki44k_40_9,22,10,0.8261308116359989,0.9598349277521145,0.43982187167662323,0.9871794871794872,1.0,0.751171985948799,1.0,0.7533153014045844,0.6410885537833632,0.019141919427854037
freese,wiki44k_50_0,31,15,0.7954759288927093,0.9626174337154854,0.5029632179879258,0.9914163090128756,1.0,0.6875037614393953,1.0,0.9764249165341411,0.6944357509976252,0.031742401531492326
freese,wiki44k_50_1,30,13,0.8324523394413548,0.9736788536814404,0.3688379780484451,0.9907834101382489,1.0,0.71852057867799,1.0,1.0,0.5754012368563884,0.0643136217737651
freese,wiki44k_50_2,25,13,0.80274784506687,0.9653369057700593,0.48487546163497397,0.9652173913043478,1.0,0.6780475781401405,1.0,0.8828126660884299,0.6596555391363588,0.13311970791391614
freese,wiki44k_50_3,49,19,0.7828296577679135,0.9743764190535342,0.6071648446248943,0.9800747198007472,1.0,0.7486639622308104,1.0,1.0,0.6796880197152204,0.029197292278859033
freese,wiki44k_50_4,28,14,0.8117347770072265,0.9620867090737771,0.4085111300329852,1.0,1.0,0.5939365593617996,1.0,0.874705192147863,0.6465306394578649,0.012579760650738847
freese,wiki44k_50_5,19,9,0.785141667128465,0.9643156178613771,0.6423402181555606,0.962962962962963,1.0,0.6608533193500206,1.0,0.8769234250070547,0.6917987298563916,0.029200970552015648
freese,wiki44k_50_6,27,14,0.7398749991445353,0.9508112559109069,0.4808807176625788,0.9754098360655737,1.0,0.748212668466355,1.0,0.6580957764021468,0.6912051748006087,0.04625462110371181
freese,wiki44k_50_7,32,14,0.7980679111787373,0.9684800655229686,0.5352463718983855,0.9694656488549618,1.0,0.7342989433951377,1.0,1.0,0.6708031029537558,0.1401080656873136
freese,wiki44k_50_8,24,10,0.8684818121276177,0.9611410247853359,0.362791911494894,1.0,1.0,0.7636191362255671,1.0,0.941764554782652,0.6259071074718807,0.07998685493135693
freese,wiki44k_50_9,20,10,0.7508293825465202,0.9777555334932906,0.6397838535728454,1.0,1.0,0.7932932361400564,1.0,0.6605661529481937,0.6822160615518731,0.00038564886770497964
freese,zoo10_0,13,4,0.8114560493957154,0.9919440851866504,0.5475987251529294,1.0,1.0,0.7970564152872881,1.0,0.5302150579254841,0.5414497347635592,0.7074969699488721
freese,zoo10_1,13,5,0.7870461717028043,0.9846590912908565,0.6615055277402604,0.9565217391304348,1.0,0.7133315089557025,1.0,0.7265884580013383,0.6288862220227964,0.5786060711474301
freese,zoo10_2,14,6,0.7705072415921181,0.9820313086218436,0.6386345696449321,0.9722222222222222,1.0,0.7641214259424253,1.0,0.816946085093243,0.6516726246358171,0.20579881536156885
freese,zoo10_3,14,6,0.7775571276844929,0.9764228887837787,0.7147608989722756,1.0,1.0,0.8042194912840671,1.0,0.6615498649259088,0.6941562167807466,0.04636301888364991
freese,zoo10_4,11,4,0.8010993878869004,0.9720553040499601,1.0,1.0,1.0,0.6688714119275888,1.0,0.7304809158685279,0.6370262513458838,0.04923342225125993
freese,zoo10_5,12,4,0.8243206397096815,0.9857633642379986,0.5973698275438553,1.0,1.0,0.6964774167501679,1.0,0.5981169788432514,0.6591031627073551,0.20658142900714682
freese,zoo10_6,10,4,0.7804576904202846,0.9977804666464594,1.0,1.0,1.0,0.8861638136346227,1.0,0.5748066250872038,0.6313607900332141,0.9453880394121837
freese,zoo10_7,7,3,0.768060249563119,0.9935631163380063,1.0,1.0,1.0,0.8689990024244479,1.0,0.5736037557549798,0.6531580072287477,0.8599903798206893
freese,zoo10_8,8,3,0.7445167300233171,0.998720214112926,1.0,1.0,1.0,0.9463173606138278,1.0,0.4402953314353303,0.7439886720326656,0.9334259225851008
freese,zoo10_9,26,7,0.7839057900004602,0.9853575818994734,0.7339685646186976,0.9705882352941176,1.0,0.747692642024264,1.0,1.0,0.6772975915199444,0.01162289211274714
sugiyama,ben_and_jerry_ice_cream,16,6,0.6834572333884497,0.9908572401058711,0.8179794253181076,0.9534883720930233,0.8484455543377233,1.0,0.7142857142857143,0.6036623243671381,0.7791224483770287,0.622706709482655
sugiyama,bodiesofwater,12,4,0.7386363633314601,1.0,1.0,1.0,1.0,1.0,0.7142857142857143,0.7688018934453811,1.0,0.9999890110511072
sugiyama,car,24,8,0.5756586386116707,0.9810813078122309,0.5878702511209067,0.9467084639498433,1.0,1.0,0.7142857142857143,0.7430883627111093,0.5750758655117225,0.39332774000647197
sugiyama,cn3,8,3,0.6666666666666666,1.0,1.0,1.0,1.0,1.0,1.0,0.7438478550696797,1.0,1.0
sugiyama,cn4,16,6,0.6173404430704295,0.9875027700516085,0.7064548556186545,0.9285714285714286,1.0,1.0,1.0,0.6389926934845469,0.7057554880805483,0.7268544513689961
sugiyama,cn5,32,10,0.5382697109103206,0.9643367184395686,0.5150187189495983,0.9276381909547738,1.0,1.0,1.0,0.7007231914911105,0.5443824815337566,0.2874799805253253
sugiyama,cn6,32,10,0.5382697109103206,0.9643367184395686,0.5150187189495983,0.9276381909547738,1.0,1.0,1.0,0.7007231914911105,0.5443824815337566,0.2874799805253253
sugiyama,convex_ordinal,37,11,0.6035013638993546,0.9863940433124543,0.5932392857393549,0.9752851711026616,1.0,1.0,1.0,0.6909987038158599,0.5915018914327703,0.0
sugiyama,forum_romanum,19,4,0.7262370872841712,0.9965473855328321,0.8493959044126083,1.0,0.8827935543750384,1.0,0.7777777777777778,0.6711638817113852,0.9156675156948443,0.0
sugiyama,futtertabelle,16,6,0.6073722211569208,0.9869747698492157,0.7397711857708574,0.984375,1.0,1.0,0.6666666666666667,0.4989310533079433,0.7116476015037365,0.0
sugiyama,icfca100_0,26,20,0.4130104457576285,0.8879313858530827,1.0,1.0,1.0,1.0,0.0,0.7160288517543336,0.5870071138910775,0.10462886157462026
sugiyama,icfca100_1,25,22,0.2898819497736469,0.8457824600248349,1.0,1.0,1.0,1.0,0.0,0.767717484939342,0.5145304936087216,0.08057090245357901
sugiyama,icfca100_2,25,22,0.2898819497736469,0.8457824600248349,1.0,1.0,1.0,1.0,0.0,0.767717484939342,0.5145304936087216,0.08057090245357901
sugiyama,icfca100_3,26,24,0.18952838100883107,0.7874220203543248,1.0,1.0,1.0,1.0,0.0,0.8110366508085395,0.5679390650759861,0.06909892348901792
sugiyama,jektivitaeten,21,7,0.615307877414017,0.9869042538798688,0.6627409504693034,0.949238578680203,1.0,1.0,0.7142857142857143,0.5769142969284116,0.646440167797576,0.5177347264215182
sugiyama,linear_extensions,10,4,0.6618959035741234,0.9978934558817236,1.0,0.9166666666666666,1.0,1.0,1.0,0.6753012648261503,0.9217872667815643,0.9695223570162287
sugiyama,living_beings_and_water,19,6,0.7205257588452514,0.9958628043594063,0.7650557451002888,0.9913793103448276,1.0,1.0,0.7142857142857143,0.6296395276346587,0.8003590806020241,0.7068967091421829
sugiyama,mushroom15_0,10,4,0.7279739756839096,0.9988836859378386,1.0,1.0,1.0,1.0,0.8,0.586479994807104,0.9289783875817021,0.9753952869756201
sugiyama,mushroom15_1,22,8,0.6783061091238637,0.9913458765255999,0.6972273926293513,1.0,0.8545454545454545,1.0,0.625,0.5809144076854744,0.7897195843713349,0.0
sugiyama,mushroom15_2,19,8,0.6057027081671638,0.9826298791396192,0.8161909602096751,0.9506172839506173,1.0,1.0,0.8,0.5532487618473467,0.6417899189918341,0.48035054453694903
sugiyama,mushroom15_3,11,5,0.7082320947944863,0.9907553053879248,0.7951672353008665,1.0,0.8636363636363636,1.0,0.6666666666666667,0.4945544446000504,0.8757121782679788,0.665610168812891
sugiyama,mushroom15_4,22,8,0.6374847974887324,0.9870821995063125,0.6891811080959828,0.9588235294117647,0.764649601636379,1.0,0.625,0.6213290787442246,0.7350013504966395,0.0
sugiyama,mushroom15_5,34,10,0.6345049123526735,0.9828897591156511,0.6286522976234703,0.9672386895475819,0.51309978573988,1.0,0.5833333333333333,0.7168555599230152,0.6569451009000977,0.0
sugiyama,mushroom15_6,20,8,0.6262184015481563,0.9781178369451512,0.6758201300088236,0.8829787234042553,0.7759422349692656,1.0,0.7142857142857143,0.6524592426892084,0.7193344094750893,0.0
sugiyama,mushroom15_7,19,9,0.615190677719311,0.9735630799433285,0.7295167235300867,0.9452054794520548,0.7304568240231767,1.0,0.6666666666666667,0.6880157820405302,0.6856056735135194,0.0
sugiyama,mushroom15_8,11,4,0.7145637418201503,0.9981900440763241,1.0,0.9375,1.0,1.0,0.6666666666666667,0.5700305891281761,0.8830232266051564,0.9401274669089426
sugiyama,mushroom15_9,32,11,0.6295080902670568,0.983986145544137,0.6590813474283221,0.9740932642487047,0.840325593215471,1.0,0.6,0.7075071623318643,0.6502665281646514,0.0
sugiyama,papier,16,4,0.7087018131830576,0.9990100470443439,0.9180668941203466,1.0,1.0,1.0,1.0,0.7224915841270154,0.9304775704725017,0.9755646915915851
sugiyama,part4,15,7,0.4826764607503012,0.9355755377972833,0.5019887689640983,0.7333333333333334,1.0,1.0,1.0,0.612408486582726,0.5340307625725855,0.0
sugiyama,random0,25,6,0.6576007217935358,0.9920517108482633,0.7101795597778358,0.98046875,1.0,1.0,0.6,0.6317348660504523,0.7395538973838742,0.5545711979768142
sugiyama,random1,24,7,0.6127986046457531,0.9766512701884258,0.5607959105269733,0.9527896995708155,0.8472222222222222,1.0,0.6363636363636364,0.6218935339749685,0.6399823496373439,0.0
sugiyama,random10_0,12,5,0.6122779665771911,0.9907774043923464,0.7951672353008665,0.9375,1.0,1.0,1.0,0.5886433951611618,0.7522151478573038,0.7413890456592948
sugiyama,random10_1,16,7,0.5725104406310306,0.9645838676153906,0.6092441411728713,0.8571428571428572,0.90625,1.0,0.6666666666666667,0.49425252772374784,0.6348479072354933,0.0
sugiyama,random10_2,15,5,0.6993764168090267,0.9947737129713418,0.875,1.0,1.0,1.0,0.6666666666666667,0.6027536595315935,0.8288149602664452,0.7659554913688139
sugiyama,random10_3,19,7,0.6144827737429404,0.9811729818215899,0.6442602147822457,0.9387755102040817,1.0,1.0,0.6666666666666667,0.5602576860745083,0.6178598947488895,0.0
sugiyama,random10_4,16,6,0.5895857624508275,0.9815279578190758,0.6996548025214904,0.9649122807017544,0.7585786437626905,1.0,0.625,0.6162763300651011,0.694167223098345,0.0
sugiyama,random10_5,11,6,0.6689091084990788,0.9815813929731176,1.0,1.0,0.7727272727272727,1.0,0.8,0.3924908668556836,0.6648185448771966,0.6092687246654154
sugiyama,random10_6,13,6,0.6391542655068637,0.9793662887546704,0.7822623109291904,0.95,0.8846153846153846,1.0,0.6666666666666667,0.5798429860845953,0.7582612905323851,0.0
sugiyama,random10_7,17,6,0.6690166507733413,0.9855135771192237,0.5983890784336221,0.9833333333333333,0.8663101604278075,1.0,0.8,0.6247938533412689,0.7581566743606527,0.0
sugiyama,random10_8,29,12,0.585990629676021,0.9710756265802591,0.5970195322972751,0.9421965317919075,1.0,1.0,0.6666666666666667,0.7630607531168357,0.5256671202878865,0.0
sugiyama,random10_9,11,5,0.7381666827908223,0.9931612611531296,1.0,1.0,0.8636363636363636,1.0,0.6666666666666667,0.49688987130404905,0.8919997040264229,0.6920470851868824
sugiyama,random2,19,6,0.6711737705356857,0.9944470304423824,0.7204832764699134,0.970873786407767,1.0,1.0,0.7142857142857143,0.5819859851425373,0.7276494825931219,0.702762032247851
sugiyama,random3,25,8,0.6044710085805732,0.9859463722388475,0.6281950529369902,0.9404388714733543,1.0,1.0,1.0,0.6559499439172329,0.5993546965195178,0.6345605361134876
sugiyama,random4,12,4,0.7332182675071635,0.9999489690673292,1.0,1.0,0.8556624327025936,1.0,1.0,0.6281976080020628,0.9167706051833899,0.9957922106090675
sugiyama,random5,14,4,0.6946156551657185,0.9724362829499665,0.6333333333333333,0.875,1.0,1.0,0.625,0.6421318647654519,0.9023605954195156,0.0
sugiyama,random5_0,12,4,0.6704103433764502,0.9959570561237799,0.8333333333333334,0.8888888888888888,1.0,1.0,1.0,0.674680478609635,0.9061447201378772,0.9695558573714066
sugiyama,random5_1,7,3,0.8149761092427333,0.9974854443285404,1.0,1.0,1.0,1.0,0.8,0.5314536459234778,0.9539249114864143,0.9880486590314919
sugiyama,random5_2,11,4,0.6969537345491726,0.9986479522523621,1.0,0.9375,1.0,1.0,0.6666666666666667,0.6064306323998787,0.9047056211997849,0.9514748959771926
sugiyama,random5_3,10,3,0.718749999161515,0.9958160237535199,0.7951672353008665,1.0,1.0,1.0,0.6666666666666667,0.5310176079453579,0.8674263234858439,0.9516904090825441
sugiyama,random5_4,9,3,0.7916666666666666,1.0,1.0,1.0,1.0,1.0,0.8333333333333334,0.7126608295646802,1.0,1.0
sugiyama,random5_5,11,4,0.6851519771142679,0.9896463735876071,0.8,1.0,0.6707890596763961,1.0,0.6666666666666667,0.5973758210596573,0.8702879571928656,0.0
sugiyama,random5_6,10,4,0.6576864083060863,0.9566202470625126,0.5550716722717999,1.0,1.0,1.0,0.8,0.5376786514872811,0.8085727885934249,0.0
sugiyama,random5_7,11,4,0.6942025028025667,0.9607843137254902,0.44879180882521663,1.0,1.0,1.0,1.0,0.6275954225677587,0.852776031588827,0.0
sugiyama,random5_8,12,4,0.6704103433764502,0.9959570561237799,0.8333333333333334,0.8888888888888888,1.0,1.0,1.0,0.674680478609635,0.9061447201378772,0.9695558573714066
sugiyama,random5_9,9,4,0.6712559722101824,0.998822510099245,1.0,1.0,1.0,1.0,1.0,0.6853150164201381,0.9553070095894654,0.9807525615813781
sugiyama,random6,21,8,0.6031243355854081,0.9864744133540008,0.6807137200045892,0.9742268041237113,1.0,1.0,1.0,0.6405895009063703,0.6346191735778425,0.0
sugiyama,random7,17,6,0.6572254980472645,0.9785084776018327,0.6471140650158351,0.9418604651162791,1.0,1.0,0.6666666666666667,0.6164278010371151,0.7429949212978263,0.0
sugiyama,random8,15,6,0.6817076749920832,0.9760160140518619,0.6011113934556438,1.0,0.8933333333333333,1.0,0.625,0.5873293263296895,0.8150103746787041,0.0
sugiyama,random9,25,8,0.6554489822123014,0.9937173583341414,0.6599812289499496,0.9744408945686901,1.0,1.0,0.6,0.6392271177646895,0.7419434033618686,0.5547664472346797
sugiyama,randomsmall0,12,4,0.6723125699612952,0.999328001775263,0.9487918088252166,0.9333333333333333,1.0,1.0,1.0,0.7016324313924605,0.934136645710791,0.9738448509924464
sugiyama,randomsmall1,9,3,0.7272948280537795,1.0,1.0,1.0,1.0,1.0,0.6666666666666667,0.649842208160893,0.971646099376255,0.9957733541161722
sugiyama,randomsmall2,19,6,0.6233304485304965,0.989765924403641,0.6850238907572667,0.9042553191489362,1.0,1.0,1.0,0.6205935264148656,0.6671078427327454,0.7054913322558203
sugiyama,randomsmall3,10,3,0.7222222222222222,1.0,1.0,1.0,1.0,1.0,1.0,0.7514774036554668,1.0,1.0
sugiyama,randomsmall4,13,4,0.6517701172967151,0.9918559714950566,0.7627146625493897,1.0,0.7028660230925422,1.0,0.625,0.5119250208057786,0.7958901008104287,0.6409204352809699
sugiyama,randomsmall5,15,5,0.6547557954527079,0.9938027402446664,0.75,0.9615384615384616,1.0,1.0,0.8,0.5963603570009413,0.7604155073033452,0.7266144844064651
sugiyama,randomsmall6,11,4,0.7413186099372828,0.9964610515806624,0.8975836176504333,1.0,1.0,1.0,0.6666666666666667,0.5577296610079503,0.8613408320105279,0.9223565886471152
sugiyama,randomsmall7,15,5,0.6328104167646365,0.9881487435969036,0.6905204779369584,0.9583333333333334,0.6266666666666667,1.0,0.7142857142857143,0.530676558073393,0.7087352949383521,0.6008270982762254
sugiyama,randomsmall8,12,5,0.6296552898018949,0.9842835852932734,0.6135953193286953,1.0,1.0,1.0,0.6666666666666667,0.48444007005186585,0.6949444066056873,0.0
sugiyama,randomsmall9,17,5,0.6831444265034539,0.9950100916962726,0.8680668941203467,0.9444444444444444,1.0,1.0,0.7142857142857143,0.6964233739309398,0.8705444415694857,0.0
sugiyama,therapie,23,6,0.6435718611840032,0.9923495341120848,0.6836133788240694,0.9615384615384616,0.7503199701252485,1.0,0.6666666666666667,0.6241423795299212,0.6832378775605703,0.0
sugiyama,top_level_categories,37,16,0.5125217300443917,0.9436463321776,0.4341109122867868,0.9222689075630253,1.0,1.0,1.0,0.7529323913812154,0.47393637900198793,0.204016359322025
sugiyama,triangles,18,5,0.7114312200617674,0.9967326857787052,0.8700477815145333,1.0,1.0,1.0,0.7142857142857143,0.7338882661704131,0.9192642753874213,0.0
sugiyama,wiki44k_40_0,15,7,0.7113000879281909,0.9819088521122994,0.6251331832756005,1.0,0.5757359312880714,1.0,0.6666666666666667,0.49932875456428694,0.7958894837518129,0.0
sugiyama,wiki44k_40_1,22,10,0.6892290346376937,0.9838250282755842,0.9139895651886847,1.0,0.5735488505340893,1.0,0.625,0.5292286915669042,0.7274921680055282,0.385188610709039
sugiyama,wiki44k_40_2,11,7,0.5991110896122369,0.9757102081637066,1.0,1.0,1.0,1.0,0.75,0.37913535166391255,0.6417180525139019,0.6129625339591366
sugiyama,wiki44k_40_3,17,8,0.7335634194667162,0.9849026686067099,0.5,1.0,0.6824502566077548,1.0,1.0,0.5157701898074107,0.799367247346794,0.0
sugiyama,wiki44k_40_4,20,10,0.6770277539401919,0.9759886504752895,0.639833772974288,1.0,0.5895407686390609,1.0,0.7142857142857143,0.5907043235503661,0.7179021947889919,0.0
sugiyama,wiki44k_40_5,18,8,0.6955073805438012,0.9892191335273921,1.0,1.0,0.7777777777777778,1.0,1.0,0.5517046165350787,0.7646671352584856,0.5238311204539841
sugiyama,wiki44k_40_6,17,7,0.6355606483498231,0.962419820168861,0.5559360007123336,0.88,1.0,1.0,0.6666666666666667,0.4889979156389075,0.5942911753911944,0.0
sugiyama,wiki44k_40_7,22,11,0.6496898512984994,0.9716624229035083,0.5855116858001841,1.0,0.7411277692299773,1.0,0.625,0.5264088186083073,0.7537160802021455,0.0
sugiyama,wiki44k_40_8,29,16,0.6097526725115413,0.9476773486652098,0.6502810406520898,0.9682539682539683,0.5492441742798883,1.0,0.7142857142857143,0.7272692645326251,0.6596492917057093,0.0
sugiyama,wiki44k_40_9,22,10,0.6901307924098351,0.9847650127573823,0.8128329581890013,0.9871794871794872,0.4834210530085358,1.0,0.6666666666666667,0.5157719837477632,0.7079466265177663,0.3543869969514979
sugiyama,wiki44k_50_0,31,15,0.6323997385488562,0.960726181411667,0.6822733173011138,0.9871244635193133,0.49145528101693847,1.0,0.6666666666666667,0.7077572106749267,0.6635307265631603,0.0
sugiyama,wiki44k_50_1,30,13,0.7041501954333174,0.9771612166539474,0.6117810094932077,0.9815668202764977,0.2909442799726444,1.0,0.6363636363636364,0.6604454161621424,0.8059957425632092,0.0
sugiyama,wiki44k_50_2,25,13,0.677513724213073,0.9678439587779475,0.5991524082017115,1.0,0.06398323150110463,1.0,0.625,0.5757938866288648,0.7269471258313965,0.0
sugiyama,wiki44k_50_3,49,19,0.5890100622849712,0.9739153983439198,0.49929194442808955,0.9819427148194272,0.26355121036558615,1.0,0.6,0.7537156188320184,0.5520343037079163,0.0
sugiyama,wiki44k_50_4,28,14,0.6313343066092196,0.9599924551081911,0.6398637437620245,1.0,0.6374207070646682,1.0,0.6666666666666667,0.5295767039974335,0.6913933295923276,0.0
sugiyama,wiki44k_50_5,19,9,0.7267582643672839,0.9830370267894873,0.6559582607547387,1.0,0.3524624166846664,1.0,0.625,0.45725230268096795,0.7221087766082639,0.35957861663559565
sugiyama,wiki44k_50_6,27,14,0.6583335892004892,0.9636114522946623,0.6412416822767528,0.9672131147540983,0.7278344730240913,1.0,0.6666666666666667,0.5780210302878261,0.7075330722831172,0.0
sugiyama,wiki44k_50_7,32,14,0.6859440922028333,0.9832576122309327,0.5628329581890011,1.0,0.4353593207307017,1.0,0.6363636363636364,0.5634430218597111,0.761941099812473,0.0
sugiyama,wiki44k_50_8,24,10,0.6506847566190739,0.9658285936056634,0.625332003173149,0.9444444444444444,0.48201637326720037,1.0,0.6363636363636364,0.5608988866682045,0.6883632272627436,0.0
sugiyama,wiki44k_50_9,20,10,0.7014545151609441,0.9841435605311616,0.8,1.0,0.7401923788646684,1.0,0.6666666666666667,0.5759051022071371,0.8149271817302074,0.0
sugiyama,zoo10_0,13,4,0.7499999993901928,0.9986792658438328,0.7951672353008665,1.0,0.8769230769230769,1.0,0.625,0.6550657596025187,0.9476682855865174,0.9676383650235519
sugiyama,zoo10_1,13,5,0.6831301012808954,0.9748849452645414,0.5737918088252166,0.9565217391304348,1.0,1.0,0.8,0.6789906368082903,0.8808186922385742,0.0
sugiyama,zoo10_2,14,6,0.6902037658915217,0.9924458671459845,0.8333333333333334,0.9722222222222222,0.9107142857142857,1.0,0.8,0.5917184136650866,0.8336909057684808,0.0
sugiyama,zoo10_3,14,6,0.6089075816257981,0.9880668960889147,0.7725836176504333,0.962962962962963,0.9107142857142857,1.0,0.8,0.5538695377979643,0.7408993077301653,0.637745756863903
sugiyama,zoo10_4,11,4,0.8281347237471248,0.9986770230369875,1.0,1.0,0.8579019865558135,1.0,0.7142857142857143,0.6706606860706461,0.9515905739429305,0.9691832022130399
sugiyama,zoo10_5,12,4,0.7380583811140301,0.9879273078873086,0.5180668941203466,1.0,0.7333333333333334,1.0,0.625,0.5981169788432512,0.8957163557087524,0.0
sugiyama,zoo10_6,10,4,0.7916666666666666,0.9974117262879798,1.0,1.0,1.0,1.0,0.6666666666666667,0.5302857320788834,0.8951612860027034,0.9696640165411754
sugiyama,zoo10_7,7,3,0.7646309117642238,0.997679569231447,1.0,1.0,1.0,1.0,0.75,0.5608264476190733,0.9590443657657017,0.9862784595903341
sugiyama,zoo10_8,8,3,0.75,1.0,1.0,1.0,1.0,1.0,1.0,0.7126608295646802,1.0,1.0
sugiyama,zoo10_9,26,7,0.6218527819460208,0.9894455896552762,0.6144764393666895,0.9640522875816994,1.0,1.0,0.6,0.6429309436354753,0.6852867659914674,0.0
