name,gaia_dr3,parallax_mas,distance_pc,abs_G,bp_rp,spectral_type,fit_composition,teff_corrected_K,mass_corrected_Msun,cooling_age_Gyr,wide_companions,wide_system_size,comment
WDJ000210.72-430955.39,4994877094997259264,120.01426997667465,8.332,13.29135244,0.30948067,DA,H,8428.0,0.821,1.79,,,
WDJ000222.65+635744.14,431635455820288128,38.0576410247483,26.276,14.91163933,1.1513519,DC,H,5011.0,0.636,7.01,BD,2,
WDJ000240.09-341339.59,2312821266302222720,67.52906109014079,14.808,14.02815556,0.62922,DC,He,6332.0,0.662,2.86,,,
WDJ000331.63-164358.41,2414888694102153088,26.257755966715187,38.084,11.70571804,-0.06718922,DBA,He,12759.0,0.613,0.36,,,
WDJ000506.82+731309.38,537563127588521600,28.982473108704607,34.504,11.58332721,-0.1062994,DBZA,He,13700.0,0.631,0.31,,,
WDJ000720.55+123021.16,2766234439302571904,57.277001750668994,17.459,15.04708238,1.0153313,DCP,H,5285.0,0.813,7.83,,,
WDJ000728.90+340339.69,2875903332533220992,29.39643690843301,34.018,14.58144047,0.8236561,DC,He,5666.0,0.705,5.26,,,
WDJ000754.11+394732.18,383108338321272448,29.100410006901214,34.364,13.88580454,1.2318163,DC,H,5106.0,0.287,1.78,,,Double degenerate candidate
WDJ001122.46+424040.92,384636109728592768,42.676567081763835,23.432,13.37113639,0.5064955,DA,H,7079.0,0.586,1.5,,,
WDJ001214.75+502520.74,395234439752169344,91.96457630276807,10.874,14.05443087,0.62923145,DA,H,6483.0,0.74,3.23,,,
WDJ001324.45+543757.64,420531621029108608,30.976599032214992,32.282,15.45191867,1.4482307,DC,H,4348.0,0.631,9.44,MS,2,
WDJ001333.22-021319.42,2541549062071571968,25.75842616360543,38.822,15.13200462,1.3502731,DC,H,4652.0,0.608,8.11,,,
WDJ001339.15+001924.58,2545505281002947200,25.002390155721077,39.996,12.32627664,0.19382,DA,H,9529.0,0.593,0.71,,,
WDJ001347.48-393724.28,4996458845552956928,27.90288828973255,35.839,15.1052658,1.2977295,DC,H,4732.0,0.608,7.82,,,
WDJ001349.89-714954.26,4689789625044431616,53.20518497550886,18.795,13.66303179,0.6718788,DAH,H,6275.0,0.516,1.73,,,
WDJ001412.79-131101.09,2418116963320446720,53.880866147529254,18.559,14.41591784,0.7936468,DAH,H,5869.0,0.719,4.15,,,
WDJ001830.36-350144.71,2309122753616241280,28.049074886070553,35.652,13.49025871,0.5195198,DAH,H,7008.0,0.621,1.68,,,
WDJ002116.21+253134.45,2855386170682263424,35.570097016990886,28.114,13.22974825,0.20468616,DA,H,9630.0,0.962,1.98,MS,2,
WDJ002147.30+264036.16,2855790657816672000,30.42810640951544,32.864,14.88156963,1.1212711,DC,H,5101.0,0.66,6.9,,,
WDJ002215.19+423642.15,385105360675267840,28.989923340265765,34.495,13.68227933,0.8458538,DC,He,5665.0,0.405,2.08,,,Double degenerate candidate
WDJ002450.37+683446.85,529594417061837824,27.757534144660745,36.026,14.68405941,0.86151314,DC,He,5663.0,0.747,5.65,MS,2,
WDJ002640.74-552444.12,4920057871348614272,41.57229212565184,24.054,13.25716185,0.15869331,DA,H,9935.0,1.013,2.12,,,
WDJ002702.93+055433.40,2747384888699406080,27.05671447191263,36.959,15.17650229,1.0805111,DC,He,5124.0,0.8,7.32,,,IR-faint white dwarf with collision-induced absorption in the infrared. Multiple solutions for Gaia stellar parameters
WDJ002736.63+054203.13,2555215995900584448,46.118299277557526,21.683,14.28531142,0.8867035,DA,H,5607.0,0.581,2.85,,,
WDJ002949.72-544133.01,4920160332088386304,25.885067221156692,38.632,13.12106149,0.656147,DA,H,7253.0,0.513,1.19,MS,2,
WDJ003036.62-685458.25,4703464251158954496,25.45945540980334,39.278,12.76015255,0.46875286,DA,H,8785.0,0.651,1.0,MS,2,
WDJ003047.74+034657.93,2553935752048977792,35.997256309020244,27.78,13.873165,0.6159487,DC,He,6418.0,0.614,2.28,,,
WDJ003209.86-025401.65,2528728726428345216,42.48814029561751,23.536,15.14830461,1.3120289,DC,H,4691.0,0.61,8.0,,,
WDJ003325.28+250613.99,2807462655009880320,26.105468520955217,38.306,13.89257146,0.6951351,DA,H,6237.0,0.597,2.16,,,
WDJ003517.51-171851.57,2364319061964016512,29.94926650561679,33.39,12.30437695,0.1803999,DAZ,H,9659.0,0.605,0.7,,,
WDJ003535.84+015308.62,2544456862306151680,31.408605946484506,31.838,13.1010823,0.09651947,DA,H,10805.0,1.04,1.82,,,
WDJ003614.41-415726.12,4993117773313626496,38.78760267513124,25.781,14.34641869,0.82598114,DA,H,5754.0,0.658,3.57,,,
WDJ003622.31-595527.55,4906743988126708992,43.618785396007375,22.926,12.34755084,-0.10379505,DA,H,14378.0,0.99,0.62,,,
WDJ003713.77-281449.81,2319052851148048256,26.497874206365157,37.739,14.73306317,0.92575264,DC:,He,5396.0,0.694,6.0,,,
WDJ004056.17-080908.56,2522401586766106624,26.71383397198628,37.434,14.34857811,0.7341404,DAP,H,6080.0,0.756,4.17,,,
WDJ004122.04+555008.35,418491412783587200,43.65935569250702,22.905,12.19842161,0.06332302,DQ,He,10487.0,0.592,0.59,MS,2,
WDJ004126.03-222102.29,2349916559152267008,109.92764165734953,9.097,14.50271755,0.91118336,DQpec,He,5430.0,0.603,4.88,,,
WDJ004126.61-503258.58,4926464691244602752,31.838248401609455,31.409,15.28983883,1.4689465,DC,H,4415.0,0.594,8.65,,,
WDJ004345.98-100025.02,2377863773908424448,32.12258599900451,31.131,12.0676645,-0.27223682,DBAH,He,21334.0,1.14,0.35,,,
WDJ004434.77-114836.05,2377344185944929152,27.082269456854252,36.925,14.56536627,0.9947052,DZ,He,5362.0,0.597,5.04,MS,2,
WDJ004506.34-060819.60,2523840155996531456,33.02656377426889,30.279,15.56607495,1.1669083,DC,H,4938.0,0.925,9.79,,,
WDJ004519.60-332929.01,5006232026455470848,30.453606691329536,32.837,16.02593367,1.50527,DC,H,4176.0,0.852,11.28,,,
WDJ004909.90+052318.99,2552928187080872832,231.7799995322092,4.314,14.12454279,0.5975876,DZ,He,6455.0,0.554,1.91,,,
WDJ005110.87-202756.24,2356519298275043200,37.15203643080492,26.916,14.84213912,1.1551971,DA,H,5019.0,0.61,6.46,,,
WDJ005311.22-501322.87,4925740628477887232,28.722002189650667,34.817,14.46697855,0.84498024,DC,He,5604.0,0.638,4.71,,,
WDJ005411.42-394041.53,4987578158855872384,37.342951528943914,26.779,14.1691162,0.67819405,DA,H,6264.0,0.736,3.56,,,
WDJ005445.95+225610.59,2803596046661176576,27.375415907349947,36.529,13.32937263,0.19097137,DA,H,9654.0,0.999,2.21,,,
WDJ005503.58+101005.56,2582335342824976768,37.63191922903308,26.573,13.91132984,0.68980503,DA,H,6230.0,0.608,2.24,,,
WDJ005550.34-112731.50,2472557872820632320,44.55728647476506,22.443,13.38248967,0.53005695,DA,H,6952.0,0.562,1.48,,,
WDJ005558.30+594802.53,426122397136335872,43.77453946976722,22.844,15.01204493,1.2447968,DC,H,4821.0,0.604,7.39,BD,2,
WDJ010338.56-052251.96,2524879812959998592,34.42280678841111,29.051,15.0272264,0.22682571,DAH:,H,9375.0,1.327,,,,
WDJ010349.92+050430.57,2552121179905893888,45.41923058886876,22.017,12.22387486,0.35705185,DA,H,8064.0,0.388,0.68,MS+WD,4,Double degenerate from 2020A&A...638A.131N (ESO SPY)
WDJ010416.07-035025.39,2531326283993100416,28.098735201370932,35.589,15.02347086,0.987772,DA,H,5413.0,0.847,7.44,,,
WDJ010456.47+211958.87,2790494815860044544,30.658316819250558,32.618,15.13384454,1.0048466,DA,H,5338.0,0.871,8.05,WD,2,
WDJ010457.96+212017.54,2790494850219788160,30.80437025180992,32.463,15.24188967,1.2513084,DC,H,4853.0,0.735,9.12,WD,2,
WDJ011044.68+275815.74,307323228064848512,26.312182346241652,38.005,13.25471435,0.9566994,DAZ,H,6284.0,0.396,1.3,,,Double degenerate candidate
WDJ011103.67-722741.26,4687445500635789184,34.7829314436035,28.75,15.3344329,1.2226791,DC,H,4406.0,0.582,8.43,MS,2,
WDJ011504.60-013316.32,2533575369771883648,29.413692909630164,33.998,14.72129577,1.0138416,DA,H,5295.0,0.666,5.71,,,
WDJ011800.08+161020.56,2591754107321120896,59.66056792053775,16.761,12.66117292,0.15732002,DQ,He,9278.0,0.626,0.89,,,
WDJ011932.09-141526.77,2456160271800004096,39.366892321560314,25.402,14.68632266,1.1137829,DA,H,5100.0,0.569,5.0,,,
WDJ012137.80+344042.98,320029150076023808,25.780560205379043,38.789,13.66819775,0.4443035,DZ,He,7064.0,0.741,2.63,,,
WDJ012403.99-424038.43,4983839647522981504,54.19819233573951,18.451,13.36215901,0.7197161,DAH,H,6080.0,0.395,1.41,,,Double degenerate candidate
WDJ012421.57+402358.09,372111985092019840,36.9736631735873,27.046,14.7468564,1.0098419,DA,H,5325.0,0.687,5.89,,,
WDJ012518.05-454531.05,4934162784467241472,46.221211927289175,21.635,14.46249364,0.8086271,DA,H,5808.0,0.727,4.41,,,
WDJ012524.47-260044.45,5037084872486444928,60.35779337436104,16.568,13.86374177,0.45787907,DC,He,6941.0,0.718,2.56,,,
WDJ012833.83+135122.04,2587268134239449728,26.57064810532068,37.636,11.44555174,-0.0688076,DA,H,13096.0,0.562,0.27,,,
WDJ012923.99+510846.97,406775841506041344,26.064883309467728,38.366,10.61549092,-0.3054018,DA,H,22090.0,0.627,0.04,,,
WDJ012924.26+102301.34,2585189473147457408,34.174889651065236,29.261,12.0231226,0.29881477,DA,H,8516.0,0.39,0.6,,,Double degenerate candidate
WDJ012953.18-322425.86,5016473702391268096,26.10497929305536,38.307,13.73346177,0.5774536,DA,H,6721.0,0.66,2.09,,,
WDJ013055.01+441423.29,396963005168870528,26.197473023941715,38.172,14.86562101,1.1328812,DZA,H,5076.0,0.64,6.69,,,
WDJ013246.67+460458.78,398672715686799488,25.838179278139194,38.702,12.06613154,0.110051155,DA,H,10473.0,0.612,0.58,,,
WDJ013538.69-543528.10,4912620293662031104,25.825239359977157,38.722,15.12506778,1.269556,DC,H,4793.0,0.647,8.23,,,
WDJ013613.62-112032.63,2457759374023232768,30.537043174855857,32.747,11.63408692,-0.0047359467,DA,H,11834.0,0.569,0.37,,,
WDJ013705.08-020738.75,2484544095751034496,27.986138794894188,35.732,13.74070592,0.46883392,DA,H,7311.0,0.796,2.67,,,
WDJ013759.39-045944.67,2480523216087975040,79.24319645098669,12.619,12.23915893,0.49288273,DA,H,7127.0,0.283,0.7,,,Double degenerate from 2020A&A...638A.131N (ESO SPY)
WDJ013832.02-195446.58,5139880551029408768,41.02282502194559,24.377,13.59330482,0.3149023,DA,H,8431.0,0.934,2.67,,,Double degenerate from 2020A&A...638A.131N (ESO SPY)
WDJ013843.16-832532.89,4617960488907213184,31.923134517016067,31.325,13.21428764,0.41867065,DA,H,7631.0,0.637,1.4,,,
WDJ013856.87+152742.39,2589304876450784128,44.08941717250549,22.681,13.07016779,0.38471794,DA,H,7874.0,0.623,1.24,,,
WDJ013914.39-334903.32,5012346101380568832,25.258166575023008,39.591,14.08052512,0.5747719,DA,H,6742.0,0.814,3.62,,,
WDJ014128.80+833458.83,572487740053132288,36.89573867932218,27.103,10.95821705,-0.2501564,DA,H,19004.0,0.648,0.09,,,
WDJ014258.08+073045.39,2568588664341691520,25.124104795696304,39.802,14.39688798,0.8958225,DA,H,5588.0,0.623,3.46,,,
WDJ014300.98-671830.35,4698424845771339520,102.90778143705751,9.717,13.75879908,0.6537342,DAZ,H,6350.0,0.578,1.96,,,
WDJ014511.23+313243.56,303637562009656704,27.30902701289611,36.618,11.92623414,0.25138855,DA,H,8965.0,0.409,0.54,,,Double degenerate candidate
WDJ014641.31+215448.38,98092934167683072,37.71581876685573,26.514,12.9182267,0.23574257,DA,H,9165.0,0.782,1.23,,,
WDJ014743.94-271136.93,5025127443016406144,28.287697097026296,35.351,13.53641096,0.56824493,DA,H,6764.0,0.584,1.68,,,
WDJ014754.82+233943.60,291057843317534464,33.98067208672025,29.428,11.68529982,-0.05842781,DAZ,H,12990.0,0.657,0.36,,,
WDJ014840.45+361530.98,318528007466920192,28.4161821479104,35.191,14.02648464,0.73114204,DA,H,6105.0,0.617,2.44,,,
WDJ015038.47-720716.54,4686800224727589248,31.529255729514464,31.717,13.7263066,0.53051376,DC,He,6838.0,0.656,2.11,,,
WDJ015151.14+642552.55,518201792978858880,57.79924585467076,17.301,12.75703486,0.27111816,DA,H,8794.0,0.657,1.01,MS,2,
WDJ015202.96+470006.66,356922880493142016,60.56433165675938,16.511,11.40667265,-0.11815357,DA,H,14293.0,0.611,0.24,,,
WDJ015251.94+255340.65,297470774951165568,28.687550194767635,34.858,12.91706531,0.41251183,DA,H,7727.0,0.527,1.04,,,
WDJ015825.83+253051.31,105240786245136256,26.128531939144086,38.272,15.44495005,1.601223,DC,H,4044.0,0.532,8.54,,,
WDJ015939.37+154847.62,78629306318257536,26.147366577767595,38.245,12.84633778,0.17555714,DC,He,9095.0,0.678,1.05,,,
WDJ020110.70+121226.03,2574620550768898432,31.74661557227799,31.499,13.57774917,0.4606123,DC,He,6952.0,0.59,1.72,,,
WDJ020210.60+160203.31,78649033103283584,30.988692068034506,32.27,15.26248423,1.1711979,DZ,H,4981.0,0.798,9.19,,,
WDJ020304.33-122901.74,5149836834977282048,41.50695780590122,24.092,12.61296752,0.10624695,DC,He,9881.0,0.691,0.87,,,
WDJ020511.61-051754.30,2490975272405858048,31.075631146309032,32.18,15.57007679,1.521658,DC,H,4301.0,0.656,9.9,,,
WDJ020614.67+183624.06,92597914738232448,27.450762980029264,36.429,15.3432921,1.4301567,DC,H,4500.0,0.623,8.87,,,
WDJ020702.30-302332.57,5020119579868434944,34.190639634212566,29.248,14.37184613,0.88550377,DA,H,5619.0,0.624,3.39,MS,2,
WDJ020809.31+372939.12,330661599315957504,30.27058396337334,33.035,15.092896,0.8661289,DA,H,5701.0,0.951,6.77,,,
WDJ020847.22+251409.97,104648944047154432,25.58646061189819,39.083,10.26950207,-0.20835686,DA,H,16933.0,0.407,0.06,,,Double degenerate candidate
WDJ021120.84+395521.52,333010327952701696,58.23059072433413,17.173,13.23107998,0.4857483,DAZ,H,7196.0,0.553,1.33,,,
WDJ021148.18+711913.48,522115156720215040,37.08735474301783,26.963,14.81083529,1.0598297,DC,He,5135.0,0.631,6.14,,,
WDJ021228.98-080411.00,2486388560866377856,59.75689361890807,16.734,12.60096107,0.3147831,DA,H,8467.0,0.535,0.84,MS,2,
WDJ021348.83-334530.03,4970215770740383616,53.33253408289888,18.75,14.6222291,0.8296623,DAZ,H,,,,,,Gaia photometry contaminated by nearby MS star
WDJ021457.04+774559.88,561231932144411008,25.199959791545535,39.683,15.31784324,1.2120476,DC,H,4911.0,0.794,9.4,,,
WDJ021616.35+395125.41,332820971434386432,49.19713714376149,20.326,12.99554816,0.23081875,DA,H,9203.0,0.819,1.34,,,
WDJ021658.02+425805.24,351429930856782464,48.69947562229983,20.534,14.48224142,0.94199085,DA,H,5464.0,0.62,3.86,,,
WDJ021733.53+570647.35,458558784733311232,25.158025285577626,39.749,10.64376675,-0.3079977,DA,H,22261.0,0.643,0.04,,,
WDJ021831.50-393633.22,4963617807621683712,33.24072747109687,30.084,13.2762796,0.48470497,DA,H,7176.0,0.57,1.39,MS,2,
WDJ021839.49+501351.28,355669578975070976,36.978661435679996,27.043,14.67739093,1.1577168,DA,H,5019.0,0.551,5.15,,,
WDJ022111.49+533330.39,455517329408362752,34.42841726236136,29.046,13.84115429,0.5580864,DC,He,6709.0,0.669,2.38,MS,2,
WDJ022157.89+044517.91,2516606022320239104,25.35043067477835,39.447,13.41269371,0.47766876,DA,H,7262.0,0.643,1.62,MS,2,
WDJ022300.22+554427.86,457474219590579328,26.111468546062735,38.297,13.94282949,0.5285988,DA,H,6993.0,0.811,3.23,,,
WDJ022348.96+205553.90,87648226538760064,25.986208610226658,38.482,15.2372446,1.3500385,DC,H,4622.0,0.618,8.39,,,
WDJ022432.27-285459.46,5068532996689788544,34.51672695215518,28.971,15.90186404,0.055383682,DC,He,,,,,,IR-faint white dwarf with collision-induced absorption in the infrared. Multiple solutions for Gaia stellar parameters
WDJ022631.96+645929.92,515289392829738624,32.30409528832831,30.956,15.44379991,1.4544411,DC,H,4407.0,0.636,9.35,,,
WDJ022704.24+591502.04,459237630076876672,26.529918281220287,37.693,13.06374456,0.4659996,DA,H,7361.0,0.514,1.15,,,
WDJ022724.62+180724.03,85787470611883008,26.726000698594387,37.417,12.63547988,0.3052721,DA,H,8540.0,0.557,0.87,MS,2,
WDJ023016.63+051550.70,2516322146457318144,37.71098864693572,26.517,10.70287859,-0.25126553,DA,H,18965.0,0.552,0.06,,,
WDJ023114.82+081023.71,19693180966870656,25.701808277998992,38.908,14.2180384,0.7755852,DC,He,5849.0,0.599,3.33,MS,2,
WDJ023117.04+285939.88,131188715200383872,35.88244221995106,27.869,12.79871297,0.52404404,DA,H,6985.0,0.393,1.0,,,Double degenerate candidate
WDJ023140.97+270950.48,127366331745660288,35.51680767043657,28.156,14.85263962,1.1907673,DA,H,4942.0,0.577,6.23,,,
WDJ023237.91-141151.77,5146358426863612160,59.98534927004329,16.671,14.46900996,0.94244003,DA,H,5451.0,0.613,3.8,,,
WDJ023338.98+212513.29,88996326578456192,35.11484352601681,28.478,14.95715969,1.219862,DC,H,4892.0,0.607,7.12,,,
WDJ023407.73-051139.33,2488960249844340352,41.64584528104091,24.012,12.44372341,-0.053574562,DA,H,13146.0,0.976,0.77,,,
WDJ023521.79-240047.12,5125186299678747008,54.147239355716685,18.468,14.3428676,1.1414442,DAH,H,5066.0,0.453,3.07,,,Double degenerate candidate
WDJ023530.71+571524.50,457817164137702784,37.51057473263988,26.659,11.67106559,-0.04528904,DA,H,12658.0,0.635,0.36,,,
WDJ023538.55-303225.52,5064259336725948672,30.638196358966205,32.639,16.43616398,-0.28250504,DC,He,,,,,,IR-faint white dwarf with collision-induced absorption in the infrared. Multiple solutions for Gaia stellar parameters
WDJ023551.36+011845.45,2502097283492466560,30.26703621131095,33.039,13.55806448,0.5725155,DA,H,6750.0,0.589,1.71,,,
WDJ023619.57+524412.41,452244667407804800,34.67004915584997,28.843,11.57034929,-0.2003851,DAH,H,17351.0,0.817,0.23,,,
WDJ023759.15+163812.95,81606375784491520,31.337198988321703,31.911,14.52313188,0.8918438,DC,He,5490.0,0.628,4.97,,,
WDJ023841.25-264319.88,5070533180139377792,28.54073657616323,35.038,13.75805789,0.42092323,DXP,He,7175.0,0.726,2.36,,,
WDJ023919.69+260957.46,126342377182577408,47.92885506170294,20.864,14.35584827,0.8921938,DA,H,5589.0,0.607,3.2,,,
WDJ024050.43+314256.44,133116227803380224,30.244813974689695,33.064,13.41577659,0.4993353,DA,H,7122.0,0.615,1.59,,,
WDJ024208.44+111233.00,25405350031335296,29.50905250789179,33.888,13.45466333,0.33060265,DAH,H,8283.0,0.859,2.23,,,
WDJ024300.36-603414.82,4725208704209795712,29.862941859735397,33.486,14.60626094,0.8937664,DA,H,5623.0,0.731,5.03,,,
WDJ024527.76-603858.32,4725152392894633984,28.084047046025706,35.607,14.07815946,0.78751373,DA,H,5879.0,0.572,2.38,,,
WDJ024531.84-195134.42,5128633195616949120,31.10522976636222,32.149,15.31974307,1.4153423,DC,H,4522.0,0.621,8.77,,,
WDJ024630.80-022723.46,2495751967528809216,46.574159696518166,21.471,13.75341414,0.572093,DAZ,H,6731.0,0.67,2.15,,,
WDJ024836.43+542322.46,453562088496088320,92.0361989364657,10.865,14.93694437,1.1163254,DAZ,H,5056.0,0.678,7.47,,,
WDJ024944.20+330725.66,139623068897753856,28.006533578848984,35.706,14.22285179,0.8605404,DA,H,5690.0,0.576,2.65,,,
WDJ025007.11+081753.42,20484382662003968,26.315264311677574,38.001,15.07629268,1.3047676,DC,H,4796.0,0.622,7.8,,,
WDJ025017.18-224130.53,5077717389114829056,27.907503614535976,35.833,14.63108595,0.8754368,DA,H,5644.0,0.749,5.21,,,
WDJ025245.61-752244.56,4640029027306103296,32.05421647120017,31.197,14.10047083,0.6979523,DAH,H,6204.0,0.684,3.01,,,
WDJ025328.32+375959.38,143076256963396480,27.006139683999503,37.029,13.61124055,0.61089325,DA,H,6572.0,0.564,1.73,,,
WDJ025332.00-654559.93,4696032750850438272,26.991268808163472,37.049,14.2574885,0.9258499,DA,H,5508.0,0.534,2.61,,,
WDJ025617.20+495441.87,439494077735062144,26.50896552264913,37.723,14.2121999,0.76486206,DA,H,5970.0,0.653,3.02,,,
WDJ025617.22-702210.85,4645960583300470656,39.62888730612135,25.234,12.06093139,0.10970974,DA,H,10339.0,0.602,0.58,,,
WDJ025759.87-302709.99,5065010887285008128,25.951272259410135,38.534,13.87288527,0.7049217,DA,H,6173.0,0.574,2.09,,,
WDJ025959.15+081156.43,8578256576520320,33.93674755945321,29.467,13.43437809,0.6190653,DAH,H,6528.0,0.482,1.44,,,Double degenerate candidate
WDJ030154.44-831446.19,4618550411255512448,29.892176015208495,33.454,13.50447365,0.561038,DA,H,6813.0,0.582,1.64,,,
WDJ030350.56+060748.75,6963383233077632,31.93352888220124,31.315,12.48565257,-0.05897045,DXP,H,16018.0,1.083,0.62,MS,2,
WDJ030407.15-782454.62,4626680917489564160,25.110070383779146,39.825,14.39569365,0.96958923,DA,H,5430.0,0.568,3.16,,,
WDJ030616.69+622222.45,466384799259137920,26.225971241025118,38.13,12.0850649,0.06400776,DA,H,11033.0,0.68,0.58,,,
WDJ030713.90-071506.24,5179920984941752448,32.89350931668879,30.401,14.78509505,0.86917114,DA,H,5655.0,0.818,5.92,,,
WDJ030850.43+512822.32,439905192004402304,27.20951118988072,36.752,14.6606547,1.0237713,DA,H,5304.0,0.638,5.12,,,
WDJ031031.02-683603.38,4646535078125821568,96.18335870347249,10.397,11.32508269,-0.17495728,DA,H,15866.0,0.66,0.19,,,
WDJ031057.60+663402.63,492442090962517376,26.043738010489744,38.397,14.96402959,1.2448921,DC,H,4857.0,0.589,6.91,,,
WDJ031124.57-085324.98,5167424240722533760,25.66678918312248,38.961,14.66003972,1.0695686,DA,H,5205.0,0.601,5.01,,,
WDJ031138.80-055117.55,5181816233750415488,31.61233940690471,31.633,15.58587518,1.5327587,DC,H,4168.0,0.633,9.92,,,
WDJ031225.70-644410.89,4672306015773211008,27.32652085812952,36.594,10.50169671,-0.04508972,DA,H,12063.0,0.31,0.15,,,Double degenerate from 2020MNRAS.493.2805K
WDJ031318.66-560734.99,4733604373137759616,28.699888722814464,34.843,11.88920506,0.058568954,DA,H,10988.0,0.6,0.49,,,
WDJ031330.78-424243.22,4850844228558819584,25.73196362846894,38.862,14.81601764,1.1015072,DC,H,5111.0,0.624,6.14,,,
WDJ031613.91-081637.52,5167510797199003904,31.83750430446758,31.409,14.21323508,0.65267754,DA,H,6369.0,0.779,3.86,,,
WDJ031642.12+393222.85,235842052999634944,26.41188213958237,37.862,12.85470875,0.21470165,DC,He,8749.0,0.623,1.03,,,
WDJ031646.48-801446.19,4620280217923548800,28.021102762257065,35.687,13.17904211,0.45970535,DA,H,7356.0,0.565,1.29,,,
WDJ031712.10-291134.21,5058635403471767680,31.745681269139386,31.5,14.73671726,0.96432686,DAZH,H,5419.0,0.72,5.86,,,
WDJ031715.85-853225.56,4613612951211823104,34.035060085143655,29.381,12.41411661,-0.37305546,DAH,H,26465.0,1.267,0.34,WD,2,
WDJ031719.13-853231.29,4613612951211823616,34.02120978857342,29.393,11.73738876,-0.18221474,DA,H,16534.0,0.851,0.29,WD,2,
WDJ031907.61+423045.45,239721228805415296,32.70621584552832,30.575,12.36143149,0.029360771,DBA,He,10965.0,0.72,0.71,,,
WDJ031938.27+363029.67,234469931207274112,31.17370533742176,32.078,13.79881413,0.48472023,DZ,He,6830.0,0.744,2.95,,,
WDJ032020.30+233331.72,62884540326096896,25.12445211684357,39.802,14.556321,1.3954391,DC,H,4690.0,0.4,3.76,,,Double degenerate candidate
WDJ032511.05-014915.05,3261591090771914240,59.06632710976977,16.93,14.76433383,1.0277567,DAZH,H,5248.0,0.673,6.15,,,
WDJ032631.46+155714.79,54253618862057728,25.91432592710913,38.589,14.48343058,0.8573818,DA,H,5687.0,0.695,4.3,,,
WDJ032646.69-592700.23,4723118914857785472,32.13014458682925,31.123,14.4652924,0.67308044,DA,H,6333.0,0.875,4.8,,,
WDJ032848.80-271900.09,5060587895604134400,43.52575640063314,22.975,11.78109064,0.28114796,DA,H,8605.0,0.347,0.51,MS+WD,3,Double degenerate from 2020A&A...638A.131N (ESO SPY)
WDJ032850.79-323830.99,5053839127592396032,32.482342377382885,30.786,14.8923237,1.2505856,DC,H,4832.0,0.575,6.68,,,
WDJ033320.37+000720.65,3264551560189562112,28.19347222084746,35.469,13.64137283,0.43458366,DAH,H,7546.0,0.801,2.44,,,
WDJ033634.09-221524.08,5088251195844051328,26.00060960895447,38.461,14.03572765,0.77545357,DAZH,H,5913.0,0.563,2.28,,,
WDJ034010.17-361038.22,4860061541910268160,29.076144010914224,34.392,14.08864406,0.87243843,DA,H,5642.0,0.506,2.24,,,
WDJ034323.12+195813.60,63126196662620416,48.17731638628854,20.757,14.03142802,0.50059223,DA,H,7117.0,0.876,3.65,,,
WDJ034347.42-512516.55,4829340465475546880,35.829155176729195,27.91,13.57045684,0.5654459,DAZ,H,6742.0,0.597,1.75,,,
WDJ034434.85+182609.82,44901791432527232,52.9577347158701,18.883,13.677403,0.52805424,DQ,He,6837.0,0.634,1.99,,,
WDJ034501.53-034849.73,3249479592234269056,32.22465326868479,31.032,15.31656127,1.3844318,DC,H,4563.0,0.638,8.9,WD,2,
WDJ034501.70-034844.85,3249479592235301376,32.184179310179466,31.071,14.6997432,1.1044979,DA,H,5118.0,0.584,5.22,WD,2,
WDJ034511.83+194026.08,63054590968017408,35.39859130698322,28.25,11.9503509,-0.036011696,DA,H,12552.0,0.748,0.48,,,
WDJ034646.52+245602.67,66837563803594880,25.29407980708816,39.535,15.58844342,1.5443821,DC,He,,,,,,IR-faint white dwarf with collision-induced absorption in the infrared. Multiple solutions for Gaia stellar parameters
WDJ034706.83+013847.64,3270079526697712768,49.583659361453186,20.168,14.74837288,1.1141062,DC,H,5088.0,0.593,5.64,,,
WDJ034722.43+435857.18,243645699341060608,31.33882509769567,31.909,11.49261855,-0.091685295,DA,H,13661.0,0.61,0.27,,,
WDJ034850.19-005832.29,3251244858154433536,32.21690425047798,31.04,11.56293003,-0.48251915,DA,H,39304.0,1.263,0.1,,,
WDJ035005.27-685307.56,4667446586695129472,30.01938707133829,33.312,14.6662591,1.1486301,DA,H,5057.0,0.564,5.19,,,
WDJ035521.99+094718.13,3302846072717868416,28.587308540469934,34.981,11.82870634,-0.11470127,DA,H,14518.0,0.793,0.36,,,
WDJ035531.89-561128.32,4683172420470864256,30.34526119714858,32.954,14.4567804,0.8228779,DAH,H,5778.0,0.712,4.29,,,
WDJ035556.50+452510.26,244214799689691904,31.77635642321834,31.47,14.66956649,1.0659714,DA,H,5214.0,0.61,5.13,BD,2,
WDJ035826.49+215726.16,53278867446391040,27.673401020035044,36.136,13.85669368,0.5682144,DAZ,H,6777.0,0.727,2.62,,,
WDJ040026.68+081406.93,3301319572621418368,53.76923437527852,18.598,14.34834226,0.9234371,DA,H,5512.0,0.576,3.02,,,
WDJ040101.51+513130.09,250862824946594816,39.83565887431672,25.103,15.11395002,1.0527515,DC,He,5104.0,0.764,7.24,,,
WDJ040242.39+152742.47,39387328302768640,27.078319144684027,36.93,13.78723851,0.47123146,DC,He,6894.0,0.668,2.16,,,
WDJ040434.13+250851.68,66144699680456320,37.773456596366515,26.474,11.70413864,-0.029310226,DA,H,12319.0,0.63,0.39,,,
WDJ041010.32+180223.80,46896958359881728,29.316745473424746,34.11,11.56034278,-0.06096077,DA,H,12987.0,0.604,0.31,,,
WDJ041017.34+195426.31,48829075167625472,34.33075515025249,29.128,15.15233178,1.1059666,DC,H,5060.0,0.779,8.7,,,
WDJ041226.33-111747.28,3189621320226676736,28.473738259780664,35.12,12.65336744,0.44082737,DAH,H,7474.0,0.42,0.9,,,Double degenerate from 2020A&A...638A.131N (ESO SPY)
WDJ041246.85+754942.26,551153263105246208,28.534724484089455,35.045,13.09176642,0.2961464,DAe,H,8598.0,0.764,1.39,,,
WDJ041359.12-212222.67,5090109228757394048,27.86860650736955,35.883,14.77452827,1.5259838,DC,He,,,,,,(Priv. Com. 2024)
WDJ041521.80-073929.20,3195919254111315712,199.6910732720413,5.008,11.04403326,-0.1910038,DA,H,16265.0,0.568,0.13,MS,3,
WDJ041630.04-591757.19,4678664766393827328,54.57521166121942,18.323,11.16562614,-0.12896156,DA,H,14271.0,0.515,0.18,MS,2,
WDJ041805.54+421102.19,229143725086190336,33.71702746762618,29.659,14.6150594,1.0786915,DA,H,5174.0,0.567,4.43,,,
WDJ041823.34-500424.14,4782553840532147840,41.92518949684265,23.852,15.34102217,1.226677,DC,H,4826.0,0.779,9.57,,,
WDJ041921.11-093429.44,3191738120628213760,27.27906229826102,36.658,14.49144919,0.75522614,DAP,H,5978.0,0.782,4.65,,,
WDJ042021.33-293426.26,4885878590326674560,32.164813529825906,31.09,13.77847619,0.6425648,DAH,H,6423.0,0.602,2.02,,,
WDJ042129.35+460757.74,232990572675079296,37.652003811045844,26.559,13.02377947,0.39245224,DA,H,7813.0,0.591,1.18,,,
WDJ042313.75+574526.76,470639806179201792,26.764957976659556,37.362,13.69305483,0.42666054,DC,He,7140.0,0.688,2.08,,,
WDJ042357.67-455042.27,4789516154317811456,33.39804047626621,29.942,14.28726993,0.88921356,DA,H,5590.0,0.576,2.84,,,
WDJ042553.73+121148.34,3307009304776119936,62.38745759498418,16.029,14.24417344,0.6721544,DC,He,6153.0,0.707,3.74,,,
WDJ042556.87+461419.44,256832412872262656,26.633851429534154,37.546,15.74269186,1.2917175,DC,H,4610.0,0.879,10.51,,,
WDJ042620.70+043230.62,3283853143218651264,47.06626164222542,21.247,15.23417452,1.1579514,DA,H,4972.0,0.782,9.1,,,
WDJ042643.98-415341.44,4839901583898106496,29.059401187619592,34.412,14.1090363,0.72883606,DAZ,H,6127.0,0.665,2.88,,,
WDJ042731.73-070802.80,3198881613315343872,25.167050345917634,39.734,13.73924459,0.5125046,DC,He,6717.0,0.595,1.89,,,
WDJ042926.24-044845.62,3202808828330265088,25.420762665792473,39.338,11.52241788,-0.10695267,DA,H,14101.0,0.646,0.27,,,
WDJ043112.57+585841.29,470826482637310848,181.2730074917688,5.517,13.6278557,0.44229984,DC,He,7011.0,0.635,1.86,MS,2,
WDJ043200.36-192049.90,2978374522004181888,29.450037702703288,33.956,14.22818228,0.83743477,DA,H,5746.0,0.6,2.74,,,
WDJ043236.01-390214.13,4864752883148064512,29.927085932849316,33.415,14.84943215,1.1983662,DC,H,4914.0,0.585,6.55,MS,2,
WDJ043255.87-355729.04,4867574023826934272,38.01933746456792,26.302,14.69552272,1.1057739,DA,H,5102.0,0.578,5.19,,,
WDJ043329.80+041447.85,3282093301842469376,41.1600581542105,24.295,14.9709659,1.1185665,DA,H,5069.0,0.694,7.65,,,
WDJ043333.60-275324.86,4891567154251463680,43.04111025517133,23.234,14.75918333,1.0505676,DA,H,5205.0,0.653,6.09,,,
WDJ043420.54+305422.35,159277625222514048,29.347483481911325,34.074,15.16145733,1.1975994,DC,H,4895.0,0.713,8.72,,,
WDJ043537.44-610540.10,4677461862018523776,39.62327765957029,25.238,15.02217699,1.2256413,DC,H,4861.0,0.631,7.68,,,
WDJ043644.90+270951.52,151650935831913216,57.47181228815324,17.4,14.40819246,0.8983574,DA,H,5571.0,0.624,3.54,MS,2,
WDJ043747.41-084910.62,3186021141200137472,106.33898970249588,9.404,13.73413465,0.5692425,DQ,He,6601.0,0.604,2.03,,,
WDJ044028.48+092347.21,3292685210887016192,30.71050539707354,32.562,14.24157982,0.68008614,DA,H,6279.0,0.768,3.91,,,
WDJ044105.03-151903.44,3173236054352419072,26.97051147725898,37.078,14.01972991,0.7593956,DA,H,5964.0,0.573,2.29,,,
WDJ044538.42-423255.05,4815192671404177280,36.597658646859934,27.324,13.51494351,0.5683012,DAZ,H,6748.0,0.573,1.65,,,
WDJ044903.21-241239.20,4893995356962398208,33.69644660891201,29.677,14.94470753,1.1632023,DA,H,5002.0,0.652,7.36,,,
WDJ045551.43+384050.90,199060743352070528,30.99748479750341,32.261,14.85092728,1.0793991,DA,H,5160.0,0.675,6.77,,,
WDJ045722.54+415556.48,201881364339401728,26.23940973481396,38.111,11.11678431,-0.120536804,DA,H,14268.0,0.496,0.17,,,
WDJ045943.21-002238.86,3228023859770327424,40.45859306135544,24.717,13.21898988,0.07551098,DA,H,11090.0,1.097,1.99,,,
WDJ050243.44-552635.24,4764692171059541120,25.081378488304868,39.87,13.27185001,0.37495232,DC,He,7451.0,0.569,1.37,,,
WDJ050532.42-173137.28,2976789094955826560,26.007352180561508,38.451,14.16894069,0.7231846,DA,H,6124.0,0.691,3.25,,,
WDJ050552.46-172243.48,2982808337003815040,51.68353212880498,19.349,14.35124993,0.95910263,DAH,H,5418.0,0.547,2.9,,,
WDJ050600.41+590326.89,283928743068277376,27.7314544325,36.06,16.84995524,-0.0033626556,DC,He,,,,,,IR-faint white dwarf with collision-induced absorption in the infrared. Multiple solutions for Gaia stellar parameters
WDJ050615.82+144830.29,3392181976588782336,25.922298388522197,38.577,11.16699453,-0.16557503,DBA,He,15237.0,0.572,0.18,,,
WDJ050818.91-145023.81,2986577153625081344,28.860080828467545,34.65,14.38497572,0.9070263,DQ,He,5472.0,0.561,4.12,,,
WDJ050836.43-152312.42,2986473765172532864,26.71167925831214,37.437,14.74492396,1.0418835,DA,H,5251.0,0.662,5.93,,,
WDJ051403.50+080015.12,3242153305741855744,46.58883911407414,21.464,14.10974044,0.6213083,DA,H,6534.0,0.778,3.56,,,
WDJ051530.10+502141.72,261664427174056320,25.963100492667017,38.516,12.30330877,0.19173431,DA,H,9584.0,0.59,0.69,,,
WDJ051553.54+283916.81,3422405214775411840,33.264464286798116,30.062,14.00773967,0.646019,DAH,H,6411.0,0.701,2.88,,,
WDJ051942.85-701401.50,4652123895783242112,25.224149020535396,39.645,14.97870462,1.2653751,DC,H,4741.0,0.578,7.15,,,
WDJ052436.27-053510.52,3209308900555979776,27.97647273961461,35.744,11.09448279,-0.20526028,DA,H,17080.0,0.622,0.13,,,
WDJ052656.11+443538.77,208021900557436800,25.713421024272073,38.89,15.0101313,1.24049,DC,H,4849.0,0.609,7.35,,,
WDJ052844.01-430449.21,4805691447831511680,26.09059366846687,38.328,13.16767981,0.12325668,DA,H,10537.0,1.038,1.94,,,
WDJ052913.45+430025.89,195470288131984128,27.841428392340838,35.918,12.75659856,0.18883705,DQ,He,8952.0,0.616,0.95,,,
WDJ052950.25+523953.39,263082591016645504,25.56152480377321,39.121,12.70101378,-0.2744875,DA,H,21184.0,1.243,0.59,,,
WDJ053026.01+393917.04,190802650815160960,29.530465867327926,33.863,14.32412049,0.93076706,DA,H,5531.0,0.572,2.92,,,
WDJ053446.50-524150.29,4769136809374612992,25.210146698492064,39.667,14.10900786,0.7592926,DA,H,5965.0,0.61,2.56,,,
WDJ053620.21+412955.62,194394347281717504,31.104452796998295,32.15,12.11214983,0.45327187,DA,H,7399.0,0.287,0.64,,,Double degenerate from 2003ApJ...596..477Z
WDJ053714.90+675950.51,481698110012697728,28.562650289344752,35.011,13.54300951,0.39577293,DAH,H,7783.0,0.807,2.24,,,
WDJ053916.45+435234.70,197048460976343168,25.432793827472185,39.319,14.30190335,0.73976517,DC,He,5950.0,0.662,3.83,MS,2,
WDJ054103.86+395946.22,190998058945380608,27.481890772945267,36.388,14.46304605,0.8098812,DA,H,5822.0,0.728,4.38,,,
WDJ054249.69-190107.34,2967199704297025664,32.788443495110585,30.499,13.014421,0.20905304,DC,He,8763.0,0.698,1.21,,,
WDJ054307.37+363701.21,3455921181049073280,44.97581993044304,22.234,13.81679045,0.65173244,DAZ,H,6385.0,0.608,2.09,,,
WDJ054457.66+260300.14,3429296884940000000,27.768840537756535,36.012,14.09412173,1.1925163,DC,H,5059.0,0.364,2.33,,,Double degenerate candidate
WDJ054615.61+111558.70,3337021260634868224,27.364693121324386,36.543,14.86097091,1.1441936,DC,H,5033.0,0.625,6.66,MS,2,
WDJ054839.48+132551.76,3346603611845335424,28.23164538026661,35.421,15.58896595,1.5346966,DC,H,4282.0,0.656,9.95,,,
WDJ055118.71-260912.89,2914000658819492864,25.276449756293463,39.563,14.19856237,1.1988506,DC,H,5024.0,0.383,2.56,,,Double degenerate candidate
WDJ055119.48-001021.11,3218697767783768320,89.11206739900385,11.222,14.1748636,0.6977968,DQP,He,6053.0,0.648,3.35,,,
WDJ055443.04-103521.34,3011223668834627328,65.40972622036443,15.288,13.92931766,0.5735588,DZ,He,6578.0,0.685,2.72,,,
WDJ055509.53-041007.07,3022956969731332096,155.23734721807887,6.442,15.19165306,1.1336575,DZ,He,4936.0,0.737,7.46,,,
WDJ055543.03+465048.49,198027266851070848,33.365825441621695,29.971,14.61327837,1.0542965,DA,H,5222.0,0.586,4.54,MS,2,
WDJ055602.01+135446.71,3346787883122375680,36.531953076566666,27.373,14.74136746,1.104538,DA,H,5132.0,0.609,5.68,,,
WDJ055625.46+052148.44,3320184202856435840,123.19885316518207,8.117,14.42244533,0.83092594,DAH,H,5741.0,0.688,4.05,,,
WDJ055802.46-722848.43,4650712810002383104,25.700642738515516,38.91,14.06539492,0.5511818,DC,He,6720.0,0.775,3.33,,,
WDJ055808.89-542804.68,4767805506952137600,25.244673180469462,39.612,14.91378876,1.1642113,DA,H,4988.0,0.629,7.01,,,
WDJ055900.95-041426.99,3024247796382652800,26.28986948977697,38.037,14.08048215,0.7173538,DA,H,6136.0,0.655,2.74,,,
WDJ060231.11+155304.77,3348678699526809600,26.39490994804068,37.886,13.84678592,0.5274601,DA,H,6980.0,0.769,2.8,,,
WDJ060236.71+090423.60,3329569015639064192,26.807748803443513,37.303,13.97880473,0.76244736,DA,H,5943.0,0.546,2.15,,,
WDJ060717.09+733159.70,1114054838014073984,31.011930841066608,32.246,14.47642203,0.631485,DA,H,6522.0,0.925,4.83,,,
WDJ061614.26-591227.41,5482551252566796928,27.72965636869998,36.062,11.16796344,-0.16831875,DB,He,15349.0,0.579,0.18,MS,2,
WDJ061813.08-801155.22,5210778263380292096,27.978254313712544,35.742,12.11532207,-0.065693855,DA,H,13397.0,0.86,0.53,,,
WDJ061848.64+620425.54,1007682723024253184,25.587256572970063,39.082,15.09200462,1.2068005,DC,H,4905.0,0.682,8.28,,,
WDJ062006.01+420544.38,960039814744267520,26.54123743255337,37.677,14.12439584,0.58189964,DA,He,6578.0,0.761,3.44,MS,2,He-rich DA (weak Halpha)
WDJ062047.75+064517.12,3324181683539044224,41.624226305569096,24.024,14.34369787,0.81527805,DA,H,5801.0,0.666,3.57,,,
WDJ062141.64-401618.85,5573532025833121408,42.227081283044974,23.681,14.19939332,0.67024136,DZ,He,6151.0,0.688,3.54,,,
WDJ062620.54-185006.83,2940238304793401472,27.93939090383533,35.792,13.22920467,0.46937466,DAZ,H,7302.0,0.574,1.35,,,
WDJ063038.60-020550.49,3117320802840630400,46.72301326202107,21.403,13.56109322,0.60641,DA,H,,,,MS,2,Gaia photometry contaminated by nearby MS star
WDJ063229.37+223004.62,3382277296672027136,26.89018159959546,37.188,14.39522168,0.9323063,DA,H,5500.0,0.593,3.27,,,
WDJ063235.80+555903.12,995112350178946048,26.99828426736271,37.039,13.01316783,0.15963268,DAH,H,9996.0,0.932,1.56,,,
WDJ063437.49-283420.88,2895487456076198656,34.66262353950732,28.85,15.58944015,1.5648689,DC,H,4066.0,0.604,9.77,,,
WDJ063629.99+405428.14,957295438016687616,25.20829965654519,39.669,13.68143376,0.39143562,DA,H,7826.0,0.866,2.73,,,
WDJ063931.88+243546.15,3383000470383852672,27.89540092277549,35.848,12.74201804,0.16351318,DC,He,9245.0,0.654,0.96,MS,3,
WDJ064111.93-043212.31,3103811515783541504,49.01907859588942,20.4,15.47172272,1.4889164,DC,H,4292.0,0.627,9.53,,,
WDJ064400.61+092605.76,3326650224581677312,33.2847665122633,30.044,14.02367257,0.71254826,DAH,H,6171.0,0.64,2.54,,,
WDJ064430.17+273111.39,3386162214851684864,25.921471816422457,38.578,14.00919329,0.5565796,DA,H,6833.0,0.801,3.36,,,
WDJ064509.30-164300.72,2947050466531873024,374.48958852876103,2.67,11.39133174,-0.27842712,DA,H,,,,,,Gaia photometry contaminated by nearby MS star
WDJ064604.27-224633.04,2925551818747071488,31.255855134227872,31.994,15.20016693,1.3595638,DC,H,4586.0,0.612,8.41,,,
WDJ064722.15+023108.91,3126453655659835136,55.26764708306417,18.094,14.29787088,0.5013218,DA,H,7109.0,0.976,4.31,,,
WDJ064737.99+373057.06,943770757800160384,58.533604542987476,17.084,10.89309235,-0.29527187,DA,H,21394.0,0.712,0.07,,,
WDJ064806.66-205839.53,2926944659464115328,36.97145360242068,27.048,14.69617263,1.0806236,DA,H,5157.0,0.6,5.32,,,
WDJ064926.55+752124.97,1115546944012493696,26.36234908885923,37.933,14.03158253,0.6424351,DAH,H,6437.0,0.717,3.02,,,
WDJ065036.81+165753.86,3358418684623972864,34.25404436247562,29.194,14.85076728,1.0872021,DA,H,5151.0,0.671,6.76,,,
WDJ065326.68+640342.05,1100655330324351616,35.84601104436383,27.897,14.25986417,0.7876797,DA,H,5893.0,0.657,3.23,WD,2,
WDJ065330.21-395429.12,5564029702750970112,40.34032643870324,24.789,13.95133704,0.7103863,DA,H,6135.0,0.602,2.29,WD,2,
WDJ065335.34-395533.29,5564028981196462336,40.265354164460945,24.835,13.37958562,0.509984,DA,H,7034.0,0.583,1.52,WD,2,
WDJ065350.43+635558.04,1100267237077449728,35.973434530627046,27.798,14.04522752,0.7341175,DA,H,6066.0,0.619,2.51,WD,2,
WDJ065705.91-390935.68,5564171814627287296,60.55813991669191,16.513,13.88670964,0.65077686,DA,H,6370.0,0.638,2.28,,,
WDJ065729.40+055047.87,3129655296079487872,25.63792960506325,39.005,14.31037175,0.71689606,DC,He,6010.0,0.691,3.97,,,
WDJ065845.23-011552.84,3112162508466471808,26.677218071511078,37.485,15.00195669,1.1505795,DA,H,5050.0,0.702,7.88,,,
WDJ065910.86+122526.52,3160815489969826944,27.045123926823567,36.975,14.72890188,1.1184216,DA,H,5118.0,0.598,5.55,,,
WDJ070041.91-073418.66,3052418589963163264,39.48305869277363,25.327,14.49785595,0.7841053,DC,He,5773.0,0.705,4.89,,,
WDJ070051.66+315743.83,890661253803216896,50.970300987420025,19.619,14.87038199,1.1587152,DA,H,5010.0,0.619,6.69,,,
WDJ070154.84-062746.23,3052844272764398208,48.31878474123209,20.696,13.72141401,0.63682365,DA,H,6445.0,0.583,1.91,,,
WDJ070219.72-585009.02,5480556532316697216,34.02265603917002,29.392,12.24140007,-0.07301521,DA,H,13443.0,0.916,0.61,,,
WDJ070356.98+780504.72,1140292483988569856,41.5133492890241,24.089,14.34598387,0.9595232,DA,H,5428.0,0.544,2.84,,,
WDJ070357.43+253418.34,883006556929519872,39.05155844860329,25.607,11.84970985,0.002699852,DBA,He,11428.0,0.554,0.43,,,
WDJ070549.32+514250.52,980918204822332416,25.10511412682852,39.833,15.037701,1.0715065,DA,H,5166.0,0.765,8.01,,,
WDJ070551.92-083526.76,3051506991743533184,39.4223917467585,25.366,15.12264685,1.4163666,DC,H,4786.0,0.64,8.14,,,
WDJ070555.11-505255.45,5504790696302830208,26.935331548164495,37.126,13.98462663,0.6630516,DC,He,6202.0,0.604,2.46,,,
WDJ070852.28-670631.43,5280944182024023552,58.961279631199595,16.96,14.8123795,1.1479731,DCP,H,5007.0,0.593,6.18,,,
WDJ071014.34+374019.47,946030529073021440,41.02930630328309,24.373,13.57773087,0.49105358,DQ,He,6807.0,0.55,1.65,,,
WDJ071206.15-042815.30,3059515898856688000,27.571878532719392,36.269,14.67375378,0.9564457,DA,H,5421.0,0.691,5.38,,,
WDJ071550.55-370642.20,5589354543620145024,29.23485623517561,34.206,13.91695081,0.48015976,DA,H,7236.0,0.855,3.32,,,
WDJ071703.10+112541.55,3156974449176326528,33.723788574664404,29.653,14.86545879,1.2116756,DA,H,4906.0,0.59,6.72,,,
WDJ071801.90+454753.07,974375354722176768,28.179171147673355,35.487,12.40413507,0.10304928,DC,He,9935.0,0.609,0.71,,,
WDJ072205.61+280626.98,885100916128136064,27.44443834091318,36.437,14.70754974,1.0302086,DA,H,5296.0,0.661,5.61,,,
WDJ072251.38-304234.38,5605383430285597696,42.719650268978846,23.408,15.57447344,1.0535984,DA,H,5197.0,1.014,9.01,,,
WDJ072300.22+161703.98,3169486960220617088,26.898788901515665,37.176,12.23176963,0.021308899,DA,H,11734.0,0.806,0.67,,,
WDJ072434.96-133828.38,3032020450247993600,27.596665727860515,36.236,14.95751307,1.1162548,DA,H,5108.0,0.705,7.59,,,
WDJ072704.15+143440.30,3166841329084630784,32.05991514330606,31.192,14.23600384,0.845335,DA,H,5713.0,0.591,2.73,,,
WDJ073024.53+533211.95,983979721933760768,27.622922661165948,36.202,15.14586414,1.2996979,DC,H,4761.0,0.642,8.27,,,
WDJ073326.40-445325.34,5510964144860346496,25.59853140193341,39.065,12.37610425,0.20563793,DA,H,9409.0,0.597,0.74,,,
WDJ073330.88+640927.44,1089400763661597440,50.06421573579301,19.974,14.49832909,1.0407381,DA,H,5249.0,0.544,3.5,,,
WDJ073337.81-425357.25,5536077746353130240,29.671375455419092,33.703,11.5482514,-0.14064407,DA,H,15032.0,0.706,0.26,,,
WDJ073427.47+484115.28,976040702520790400,30.760284103926914,32.509,12.37156071,-0.08981037,DA,H,14100.0,0.984,0.65,,,
WDJ074020.79-172449.16,5717278911884258176,109.34396565048813,9.145,13.1641811,0.341712,DZA,He,7650.0,0.661,1.58,MS,2,
WDJ074508.95+262706.45,874900643675606912,25.537296805072955,39.158,15.74699162,1.5453739,DC,H,4010.0,0.649,10.53,,,
WDJ074538.43-335551.34,5588614164276695424,64.81789959144726,15.428,15.31445077,1.3848267,DC,H,4509.0,0.619,8.78,MS,3,
WDJ074725.88+440848.32,926002203218885504,26.08988218684488,38.329,11.99297259,-0.13677883,DA,H,15198.0,0.89,0.41,,,
WDJ074730.10+110734.70,3151407827963355136,36.20611500756712,27.62,14.41897463,0.37981033,DA,H,7817.0,1.115,4.01,,,
WDJ075014.58+071148.92,3144837318276010624,54.967470992623305,18.193,15.29254678,1.4003468,DC,H,4496.0,0.622,8.87,WD,2,
WDJ075015.34+071137.10,3144837112115126400,55.10484642598936,18.147,15.05133398,1.2336988,DC,H,4842.0,0.632,7.79,WD,2,
WDJ075252.85-030707.97,3080914632816248448,26.898000309467132,37.177,15.14956697,1.2872334,DC,H,4731.0,0.629,8.17,,,
WDJ075305.33+612203.57,1084764020047940096,28.551170646651435,35.025,13.2342376,0.31111145,DC,He,7921.0,0.645,1.39,,,
WDJ075308.14-674731.38,5273943488410008832,122.41301924617866,8.169,14.21665305,0.85930157,DA,H,5657.0,0.57,2.66,,,
WDJ075313.28+423001.69,925532265076649472,36.47592121604996,27.415,15.04336835,1.2758026,DC,H,4773.0,0.595,7.41,,,
WDJ075327.26+522931.47,984190381489031424,45.828726282826146,21.82,13.83867894,0.40649986,DC,He,7259.0,0.78,2.71,,,
WDJ075328.47-511436.98,5513896164414899456,30.564841117346543,32.717,13.03148371,0.22583485,DAH,H,9283.0,0.845,1.4,,,
WDJ075356.62-252401.48,5602379190880667904,56.122604596461876,17.818,14.77919809,1.1156178,DA,H,5068.0,0.605,6.04,MS,2,
WDJ075447.40-241527.71,5698587862747531008,26.54253821477268,37.675,14.35330726,0.77386856,DAH,H,5933.0,0.711,3.9,,,
WDJ075508.95-144550.95,5725503293214289280,25.54704881121834,39.143,10.58970169,0.011130333,DA,H,,,,,,Gaia photometry contaminated by nearby MS star
WDJ075601.23+574159.82,1081813343155426560,34.02415584354481,29.391,12.68079579,0.12788677,DC,He,9614.0,0.685,0.93,,,
WDJ075631.12+413951.00,922434906461782272,30.55687282256138,32.726,14.07338653,0.5784073,DA,H,6749.0,0.814,3.61,,,
WDJ075959.58+433521.10,923023248261420672,45.5404743108346,21.958,14.43542975,0.47968102,DCP,H,7215.0,1.038,4.44,,,
WDJ080131.87+485252.55,933287876501371520,27.909078582449638,35.831,14.67072849,1.04772,DA,H,5177.0,0.592,4.99,,,
WDJ080151.04-282831.73,5597759970724418688,28.536103596783406,35.043,14.07421036,0.81329155,DQpec,He,5705.0,0.494,2.56,,,
WDJ080440.63+223949.68,680099824985004288,25.374012308594423,39.41,14.67871273,1.0079479,DZ,He,5256.0,0.616,5.62,,,
WDJ080527.58+073535.64,3145802036649641472,29.082711246555924,34.385,14.67592846,0.97190857,DA,H,5397.0,0.684,5.4,,,
WDJ080557.67+383344.66,908962109449446656,48.47364548163313,20.63,15.03918241,1.1384573,DA,H,5020.0,0.708,8.11,,,
WDJ080653.75-661816.70,5274517467840296832,51.997041070084805,19.232,12.24482815,0.06538963,DQ,He,10393.0,0.605,0.63,BD,2,
WDJ080833.93-530059.48,5320436784269889792,33.293423369031004,30.036,15.42162627,1.4581013,DZA,H,4361.0,0.63,9.39,,,
WDJ080911.21+352757.08,905923368548465152,28.41781844051787,35.189,12.34998568,0.27352715,DA,H,8771.0,0.488,0.7,,,Double degenerate candidate
WDJ080946.17+292032.24,876571935709366272,31.012846153172298,32.245,13.52907912,0.517746,DA,H,7021.0,0.641,1.76,,,
WDJ081200.29-610809.79,5290126272348542080,25.01895300752201,39.97,14.08389066,0.68720245,DA,H,6261.0,0.693,3.03,,,
WDJ081227.07-352943.32,5544743925212648320,89.50642598239092,11.172,14.10557908,0.6834936,DAH,H,6239.0,0.7,3.16,,,
WDJ081237.81+173701.43,657056745624156416,36.97697837962918,27.044,11.2687151,-0.17600346,DA,H,16028.0,0.641,0.18,,,
WDJ081325.13+195729.18,675615677264385536,28.20132685172155,35.459,15.56375971,1.4783363,DC,H,4303.0,0.651,9.84,MS,2,
WDJ081411.17+484529.81,931573222477949696,58.464372325374796,17.104,13.77863746,0.55190563,DC,He,6709.0,0.647,2.18,,,
WDJ081630.14-464113.24,5516345223493485952,43.48066310471772,22.999,15.32953479,1.416853,DC,H,4455.0,0.626,9.06,,,
WDJ081642.04+213735.82,676031052142751488,25.41149460571867,39.352,13.87116905,0.723259,DA,H,6129.0,0.561,2.06,,,
WDJ081716.19-680838.31,5271072526109138176,25.71869041353197,38.882,15.20858725,1.356535,DQpec,He,4642.0,0.618,7.12,,,
WDJ081840.26-311020.33,5548080118369905408,51.65081040631305,19.361,13.9522107,0.54034805,DZH,He,6754.0,0.742,3.03,,,
WDJ081843.92-151208.31,5723025990435533056,30.412475621671383,32.881,15.13950787,1.3987389,DZ,H,4300.0,0.485,7.06,,,Double degenerate candidate
WDJ082126.70-670320.02,5272690766709543680,93.67197325627788,10.676,14.93548435,1.1778765,DA,H,4941.0,0.624,7.18,,,
WDJ082532.35-072823.21,5753337533146097280,28.18836316738727,35.476,11.20579829,-0.15839577,DA,H,15370.0,0.586,0.17,,,
WDJ082533.15-510730.83,5322552760038496512,37.42486806363798,26.72,14.82535639,1.092823,DC,He,5072.0,0.616,6.17,,,
WDJ083039.46+324147.23,710766750855439360,44.665353802349244,22.389,13.88694989,0.47031498,DA,H,7286.0,0.851,3.23,,,
WDJ083123.38+333148.95,710947968027922176,25.0700347548146,39.888,14.32065068,0.8418217,DA,H,5773.0,0.65,3.41,,,
WDJ083150.62-164329.97,5709868512742196608,27.739653916571708,36.049,15.55209719,1.4954071,DC,H,4177.0,0.622,9.75,,,
WDJ083601.68-100607.45,5748802661860766208,29.021699927791328,34.457,14.66333224,1.0461254,DZA,H,5227.0,0.61,5.05,,,
WDJ083759.16-501745.76,5322090003089341440,31.521877370886113,31.724,12.08852238,-0.029542923,DA,H,12485.0,0.802,0.56,,,
WDJ084132.43-325632.92,5639391810273308416,117.3961254185898,8.518,12.17066382,0.23041058,DA,H,9086.0,0.472,0.61,,,Double degenerate candidate
WDJ084248.46-134713.21,5734737438536674432,67.52160151805477,14.81,14.74016667,0.8968487,DZ,He,5431.0,0.713,6.07,,,
WDJ084257.61+240930.84,690287663506579328,26.324403908327472,37.988,14.13358473,0.8089676,DA,H,5816.0,0.578,2.49,,,
WDJ084515.55+611705.79,1042071701528617856,28.572940116783734,34.998,14.45337965,0.8983097,DA,H,5578.0,0.646,3.91,WD,2,
WDJ084516.87+611704.81,1042071701528617728,28.586495838101396,34.982,14.26586261,0.7940502,DAH,H,5872.0,0.653,3.22,WD,2,
WDJ084635.27-362206.68,5625513014289760128,30.89269911428532,32.37,14.85192827,1.1480904,DA,H,5025.0,0.619,6.6,,,
WDJ084644.41+353833.56,717393648787722624,40.71812474390227,24.559,12.79269284,0.17022991,DZA,He,9146.0,0.751,1.22,,,
WDJ084909.48+342947.73,716504796716020352,32.427634250180944,30.838,13.12541833,0.44569778,DAZ,H,7445.0,0.56,1.24,,,
WDJ084957.48-015612.38,3073747187092773632,35.83286645656698,27.907,14.89363976,1.1500664,DC,H,5015.0,0.633,6.93,,,
WDJ085021.30-584806.21,5302618648583292800,42.95701736036224,23.279,15.6774156,0.7390747,DZA,H,5783.0,1.147,6.61,,,
WDJ085140.49+162454.38,611645983387812992,32.4004915329676,30.864,14.15514099,0.7427101,DC,He,5900.0,0.586,3.0,,,
WDJ085357.69-244656.23,5652718097353105664,38.84366554322278,25.744,15.87521103,1.0762329,DC,He,,,,MS,2,IR-faint white dwarf with collision-induced absorption in the infrared. Multiple solutions for Gaia stellar parameters
WDJ085430.49-250848.99,5652689406971618048,31.883189754776836,31.364,13.97851782,0.5939636,DA,H,6648.0,0.748,3.07,,,
WDJ085534.72-083345.34,5755957119598921728,30.195444072415246,33.118,15.0444071,1.2840729,DC,H,4769.0,0.592,7.35,,,
WDJ085804.42+681338.66,1117334024067935872,26.206331046039235,38.159,15.20956011,1.2203293,DC,H,4871.0,0.727,8.97,,,
WDJ085830.87+412635.75,912718071240545152,26.198430969639848,38.17,13.94405041,0.5030041,DAH,H,7097.0,0.836,3.33,,,
WDJ085912.92-005842.86,5764485618978306176,54.77962132794597,18.255,14.79641013,1.0989103,DC,H,5112.0,0.628,6.21,,,
WDJ085914.71+325712.16,712888090655562624,43.36369273523005,23.061,13.25522829,0.12824917,DQ (warm),He,10015.0,0.982,1.9,,,
WDJ090148.66+360707.76,715357559411376128,29.425714668206428,33.984,11.8998901,0.009489059,DA,H,11721.0,0.669,0.48,,,
WDJ090208.37+201051.57,684598618544000384,26.124206897947357,38.279,14.86239157,1.4693851,DQ,He,,,,,,No Gaia fit attempted due to strong C2 molecular bands
WDJ090212.89-394553.32,5620763437599189376,27.46146710804619,36.415,13.19181468,0.2809887,DAH,H,8768.0,0.831,1.64,,,
WDJ090217.30-040655.48,5762406957886626816,26.370669901471793,37.921,10.27534281,-0.3406992,DA,H,23799.0,0.566,0.02,,,
WDJ090242.68+312043.51,711744456827031680,29.517117100898272,33.879,12.56219369,0.16532421,DA,H,9849.0,0.737,0.9,,,
WDJ090532.93+731454.95,1123700235048742016,38.95967566493263,25.668,14.70411966,1.0441036,DC,He,5129.0,0.601,5.85,,,
WDJ090633.51-262656.02,5648566371510973824,41.34203001692174,24.188,14.79357899,1.0997105,DA,H,5106.0,0.628,6.25,,,
WDJ090734.25-360907.93,5624029566946316928,25.31903682133973,39.496,14.5857059,1.020937,DA,H,5302.0,0.606,4.47,MS,2,
WDJ090834.39+172148.53,611074413433751680,30.67609488820499,32.599,14.02516036,1.1153269,DC,H,5170.0,0.368,2.11,,,Double degenerate candidate
WDJ090912.98-224625.86,5651964996310470144,25.409736167014067,39.355,15.30503178,1.3350143,DC,H,4641.0,0.669,9.07,,,
WDJ091216.42+253822.40,688606063549945600,26.46853129618612,37.781,13.74443922,0.62270737,DA,H,6495.0,0.605,1.98,,,
WDJ091228.06-264201.50,5649808720867457664,27.481674408815717,36.388,13.60701395,-0.054647446,DA,H,13436.0,1.268,1.72,,,
WDJ091245.05+195155.93,636732410620758016,29.453042570307137,33.952,14.84043083,1.0648937,DA,H,5209.0,0.689,6.7,,,
WDJ091353.95+620601.69,1040160612880069888,31.865705970899842,31.382,14.36667372,0.85043716,DA,H,5702.0,0.647,3.54,,,
WDJ091556.08+532523.86,1022780838739029120,97.34496900005604,10.273,13.72375256,0.4155779,DCP,He,7155.0,0.712,2.26,,,
WDJ091600.94-421520.68,5427528254746168192,44.352647611663194,22.547,14.80108375,1.0422192,DZH:,He,5146.0,0.635,6.15,,,
WDJ091602.69+101110.69,591040864898749312,25.902978910531786,38.606,12.81046756,0.20568085,DQZ,He,8819.0,0.618,1.0,,,
WDJ091620.71-631117.21,5297051821220130560,42.8215722856158,23.353,12.94817105,0.14153099,DA,H,10111.0,0.925,1.45,,,
WDJ091640.76+435941.59,818602457173176192,29.825611869725027,33.528,12.68467081,0.29479122,DA,H,8587.0,0.592,0.92,,,
WDJ091708.67-454613.68,5423545067716723712,35.30793806874175,28.322,13.82772778,0.6612301,DAZ,H,6329.0,0.603,2.11,,,
WDJ091808.59-443724.25,5423896396040719744,35.26898039189224,28.354,14.56847352,0.9710846,DAH,H,5396.0,0.639,4.58,,,
WDJ092256.07+010310.15,3843957354387777152,30.904998327107847,32.357,13.94891162,0.73656845,DAZ,H,6061.0,0.575,2.21,,,
WDJ092430.85+312033.52,700531568527365376,26.18565784987488,38.189,15.06480844,1.1962795,DC,H,4935.0,0.681,8.14,,,
WDJ092449.05-491529.60,5314177402013456256,44.3077163968993,22.569,14.59065184,0.8944702,DC,H,5581.0,0.714,4.95,,,
WDJ092542.84+612012.85,1039163458912998272,36.418482444452685,27.459,12.73086022,0.36541176,DA,H,8009.0,0.508,0.91,,,
WDJ092840.23+184114.96,633911196927706880,27.41425491280917,36.477,13.71637323,0.41931725,DA,H,7634.0,0.85,2.81,,,
WDJ092907.98-713358.99,5219215228420645248,39.14007615627874,25.549,12.99834333,0.30828476,DA,H,8440.0,0.701,1.25,,,
WDJ092943.17-173250.68,5681903877597244032,30.082279977782214,33.242,13.30997074,0.44529533,DA,H,7451.0,0.636,1.49,,,Gaia non-single-star: period 238 days
WDJ093011.42-295943.38,5633102260158519936,30.53195417737113,32.753,14.67169601,1.061346,DA,H,5205.0,0.606,5.11,,,
WDJ093341.05+291123.32,696261653777188864,33.9640815204423,29.443,13.56863637,0.33107185,DA,H,8278.0,0.902,2.59,,,
WDJ093659.79-372130.80,5436014972680358784,38.09532101907259,26.25,12.68411719,0.15679932,DQ,He,9232.0,0.633,0.92,WD,2,
WDJ093659.94-372126.91,5436014972680358272,38.14894139466596,26.213,13.04686246,0.37368107,DA,H,7911.0,0.624,1.23,WD,2,
WDJ093736.24-385223.21,5432789383518999168,28.989308532262484,34.495,14.27462528,0.8622322,DA,H,5679.0,0.599,2.86,,,
WDJ093931.74+495148.29,826275295988399232,29.280170479054306,34.153,14.56900901,0.7583065,DA,H,5985.0,0.817,4.97,,,
WDJ093948.69-145836.69,5688717241916173568,28.158351931554613,35.513,15.45764216,1.4679203,DC,H,4349.0,0.64,9.57,,,
WDJ094052.75-423225.46,5425208663166556288,26.71251588443601,37.436,14.33756297,0.76174545,DC,He,5856.0,0.655,4.05,,,
WDJ094240.23-463717.68,5410698683096655360,48.834293624743665,20.477,14.04104255,0.75430393,DAH,H,5960.0,0.584,2.36,,,
WDJ094346.61-070348.73,3820383996887145088,34.77579321692736,28.756,13.96984122,0.75508595,DA,H,5974.0,0.551,2.15,,,
WDJ094639.07+435452.24,820105214691139584,31.2216410211288,32.029,10.81302663,-0.1152153,DA,H,13821.0,0.423,0.15,,,Double degenerate candidate
WDJ094806.16+202315.28,639665392247496576,26.87858435928395,37.204,14.95017096,1.1438274,DC,H,5030.0,0.667,7.44,,,
WDJ094846.64+242125.88,643183348419998336,27.62382600470135,36.201,11.46076415,-0.22042751,DA,H,17920.0,0.8,0.2,,,Double degenerate from 2020A&A...638A.131N (ESO SPY)
WDJ095017.14+531514.83,1020653077580086784,36.22795888438665,27.603,12.90645533,0.2484951,DQ,He,8396.0,0.588,1.06,,,
WDJ095021.80+150909.69,616396182856185728,25.501698022112244,39.213,14.44100249,0.9414902,DC,He,5395.0,0.557,4.35,,,
WDJ095447.49+670208.00,1066726497434084864,39.214403155316624,25.501,14.51903805,0.8288326,DA,H,5769.0,0.736,4.64,,,
WDJ095522.89-711808.37,5242316444456199808,32.728082288570334,30.555,11.11244379,-0.13014317,DA,H,14275.0,0.502,0.17,,,
WDJ095748.35+243255.54,642685200933153408,36.28237590070732,27.562,12.81663759,0.30788517,DA,H,8488.0,0.629,1.04,,,
WDJ100149.36+144123.79,615733593956317568,51.53569858284947,19.404,13.86819184,0.5404167,DC,He,6778.0,0.704,2.64,,,
WDJ100204.09+432645.90,808030648576069760,28.61788532022334,34.943,15.0541677,1.2265472,DC,H,4857.0,0.639,7.84,,,
WDJ100338.84-033756.87,3828424828500179584,29.955226733693525,33.383,12.76609806,0.3146925,DA,H,8403.0,0.594,0.98,,,
WDJ100424.18-050614.92,3822028007288795264,28.29822331030208,35.338,15.48356185,1.4455585,DC,H,4475.0,0.688,9.82,MS,2,IR-faint white dwarf with collision-induced absorption in the infrared. Multiple solutions for Gaia stellar parameters
WDJ100936.36+635837.35,1053211437944753024,25.383552610347007,39.396,10.76824702,-0.2656088,DA,H,19686.0,0.602,0.06,,,
WDJ101039.30-471729.83,5407613384750351232,26.944705515911732,37.113,14.29778521,0.79766846,DA,H,5852.0,0.662,3.39,,,
WDJ101047.91-242710.93,5473389537569200896,25.186106198432732,39.704,12.20387315,-0.2895174,DAP,H,21653.0,1.152,0.34,,,
WDJ101141.58+284559.07,740483560857296768,67.87941634391845,14.732,15.7055085,1.7027569,DQpecP,He,,,,,,No Gaia fit attempted due to strong C2 molecular bands
WDJ101201.87-184333.27,5669427512997660800,55.289779758512445,18.087,14.0437333,0.61526585,DZH,He,6394.0,0.688,3.04,MS,2,
WDJ101341.21-523400.86,5356710428806242816,25.253689177167594,39.598,13.65154115,0.53757286,DA,H,6918.0,0.67,1.98,,,
WDJ101435.97+422622.50,805470233890349440,31.986311580824925,31.263,13.74550282,0.4047861,DA,H,7731.0,0.878,2.93,,,
WDJ101501.75+080611.24,3875651975353757440,33.91636926200421,29.484,15.14280177,1.2851238,DC,H,4739.0,0.629,8.14,WD,2,
WDJ101502.61+080635.70,3875652014008894720,33.9122470623081,29.488,13.57046384,0.60274124,DA,H,6612.0,0.56,1.68,WD,2,
WDJ101812.80-343846.05,5446665014103742336,30.487662982586922,32.8,14.83466068,1.0692883,DA,H,5185.0,0.677,6.64,,,
WDJ101947.34-340221.88,5446784345474819968,36.301437056279674,27.547,14.25679709,0.6310139,DAH,H,6483.0,0.828,4.15,,,
WDJ102203.66+824310.00,1146403741412820864,25.113934628853006,39.819,14.8990698,0.8895111,DA,H,5621.0,0.852,6.4,,,
WDJ102210.36+461249.40,833470465721350784,30.347857957952062,32.951,13.63238021,0.50818634,DA,H,7076.0,0.697,1.99,,,
WDJ102251.75+390414.73,755877620910173696,25.561014206753132,39.122,14.33410741,0.652359,DZ,He,6229.0,0.764,4.08,,,
WDJ102309.06+632741.49,1052520154368111872,62.73242175911836,15.941,13.58033027,0.559474,DA,H,6801.0,0.611,1.78,,,
WDJ102621.35-383038.82,5441714531716273920,34.29547581341642,29.158,13.45315116,0.5616379,DA,H,6790.0,0.554,1.55,,,
WDJ102907.46+112719.28,3882611201058534400,29.625185021313552,33.755,13.86313536,0.5506077,DAH,H,6878.0,0.752,2.77,,,
WDJ102909.81+020553.67,3855631797052747136,29.759881744415132,33.602,11.62323101,-0.04507637,DA,H,12612.0,0.611,0.35,,,
WDJ102926.67+125733.40,3883918657822146944,27.751855224713587,36.034,14.67666511,0.8747902,DZH,He,5526.0,0.706,5.72,,,
WDJ102957.71-262405.08,5469171261208778240,29.246227726542724,34.192,14.21756429,0.8345928,DA,H,5750.0,0.595,2.7,,,
WDJ103055.44-142400.53,3750749378584132992,36.150100748961634,27.662,14.29975656,0.74790573,DA,H,6028.0,0.72,3.82,,,
WDJ103342.76-114138.34,3754712881779364992,27.99429868427151,35.722,10.23490596,-0.36422348,DA,H,25388.0,0.602,0.02,,,
WDJ103427.04-672239.24,5233071514480420864,42.39643630142637,23.587,11.51043476,-0.24362183,DA,H,18779.0,0.859,0.2,,,
WDJ103702.48+711058.70,1076941716370493696,56.72524358802379,17.629,15.38084685,1.2272291,DC,H,4818.0,0.792,9.68,,,
WDJ103706.75-441236.96,5367774809996936960,25.572865807978513,39.104,14.147725,0.85459137,DAH,H,5704.0,0.551,2.44,,,
WDJ103855.57-204056.83,3553682127126319360,70.83755933851121,14.117,15.08935095,0.7464924,DQpecP,He,5761.0,0.943,6.17,,,
WDJ104019.70+100400.78,3870354528331257984,27.114772375892723,36.88,14.24444681,0.7248764,DC,He,5970.0,0.644,3.55,,,
WDJ104153.78+141548.69,3884899559633556224,26.632949584159658,37.547,13.56340033,0.43725777,DQ,He,7090.0,0.621,1.75,,,
WDJ104410.24-691818.08,5231870985222281088,34.18200551905361,29.255,10.3873867,0.20537853,DA,H,,,,,,Gaia photometry contaminated by nearby MS star
WDJ104539.04-190645.03,3554395813252626048,53.1904439406096,18.8,14.07000608,0.80075645,DQpec,He,5751.0,0.506,2.56,MS,2,
WDJ104646.00-414638.85,5391794195555570048,35.41450109065107,28.237,13.61713864,0.56980133,DAH,H,6749.0,0.615,1.83,,,
WDJ104801.84+633448.80,1055313016981775488,29.116321168044408,34.345,14.64684151,1.031126,DA,H,5289.0,0.629,5.03,,,
WDJ105211.73+405004.19,776762672481353984,29.501179180864707,33.897,14.05085888,0.6540699,DC,He,6237.0,0.642,2.83,,,
WDJ105220.53-160804.18,3557394009663078912,25.843512836090724,38.694,11.45368273,-0.25056267,DA,H,19297.0,0.853,0.18,,,
WDJ105443.32+270657.04,730459763934332416,26.486745966915727,37.755,11.19479503,-0.3118677,DA,H,22502.0,0.864,0.11,,,
WDJ105513.54-551905.16,5353122722363361920,28.28792100073129,35.351,11.40819915,-0.11646557,DA,H,14227.0,0.606,0.24,,,
WDJ105638.63-225256.08,3549471753507182592,27.65107561727103,36.165,13.16447215,0.39243507,DAZ,H,7836.0,0.655,1.36,,,
WDJ105735.13-073123.18,3763445409285757824,81.50828167584473,12.269,13.79521669,0.42713737,DC,He,7096.0,0.73,2.49,,,
WDJ105747.61-041330.16,3789156870225942656,27.506738416300397,36.355,13.66296549,0.4641533,DZ,He,6949.0,0.717,2.54,,,
WDJ105915.98-281955.96,5456685104084844032,25.34415719267326,39.457,13.68210727,0.5933056,DAZ,H,6653.0,0.62,1.93,,,
WDJ110143.04+172139.39,3982007636324256000,34.66806626167882,28.845,13.67315409,0.4212904,DA,H,7709.0,0.843,2.66,,,
WDJ110217.52+411321.18,777395029106166272,28.685274569767024,34.861,16.03097106,1.6427536,DC,He,,,,,,IR-faint white dwarf with collision-induced absorption in the infrared. Multiple solutions for Gaia stellar parameters
WDJ110318.84+393558.35,776981269136616960,25.720144268702803,38.88,14.756399,1.1901665,DAZ,H,5015.0,0.559,5.36,,,
WDJ110446.88-183713.12,3552845261339955200,25.076952180298143,39.877,12.90903276,0.35305023,DA,H,8125.0,0.603,1.09,,,
WDJ110709.72+144654.40,3968635204109066880,26.08846759758074,38.331,13.59757285,0.6007347,DA,H,6662.0,0.584,1.75,,,
WDJ110742.77+595829.66,861050512312844672,28.993896603250523,34.49,11.13081393,-0.23352528,DA,H,18320.0,0.688,0.13,,,
WDJ110747.90-342051.49,5401688425816913920,38.1949865948946,26.181,11.61001281,-0.08527088,DAH,H,13603.0,0.657,0.31,,,
WDJ110759.95-050926.03,3788194488314248832,40.29254567586476,24.818,11.11669353,-0.16901588,DAH,H,15703.0,0.568,0.15,MS,2,
WDJ110844.12+080139.68,3818473629793533312,26.359349729340636,37.937,13.13580546,0.43115044,DA,H,7558.0,0.588,1.27,,,
WDJ110941.28+551228.70,843807902246527232,27.93046466521592,35.803,14.3098258,0.5205078,DA,H,6996.0,0.96,4.36,,,
WDJ111059.34+202606.91,3990494251184010496,35.91158692311994,27.846,15.11747998,1.2619915,DC,H,4820.0,0.655,8.25,,,
WDJ111536.96+003317.11,3810099989754827136,25.067779790928956,39.892,14.26773135,1.0814781,DA,H,5199.0,0.466,2.76,,,Double degenerate candidate
WDJ111640.38+062702.67,3817262208497857024,26.64887528134902,37.525,13.75142442,0.68109894,DA,H,6262.0,0.545,1.87,,,
WDJ111717.11-441134.49,5376644127919488896,37.46978335077424,26.688,13.62018791,0.84840584,DC,He,5639.0,0.388,2.04,,,Double degenerate candidate
WDJ111815.06-031405.57,3790040465258127616,27.330208302296185,36.59,12.46783971,0.15974522,DQ,He,9262.0,0.537,0.73,,,
WDJ111827.20-472156.96,5374565879145559424,58.69943047458538,17.036,14.20855544,0.7377615,DC,He,5903.0,0.615,3.36,,,
WDJ111912.40+022033.05,3810933247769901696,26.15076506647439,38.24,11.72046,-0.020435333,DAZ,H,12158.0,0.627,0.4,,,
WDJ111913.56-083137.22,3783206210217512320,33.02279893593681,30.282,14.4166864,0.89772034,DA,H,5585.0,0.632,3.63,,,
WDJ112412.97+212135.57,3978879594463300992,68.04195101183048,14.697,13.28877479,0.4572935,DA,H,7373.0,0.615,1.45,,,
WDJ112521.40+211114.77,3978862277154958592,26.21658071554746,38.144,13.98072224,0.6741829,DC,He,6194.0,0.598,2.42,,,
WDJ112652.39+591917.10,859082970614616448,39.32530377952526,25.429,13.09663543,0.12452698,DA,H,10419.0,1.005,1.82,,,
WDJ112709.25-294011.20,3482983495102507904,29.827023718194848,33.527,12.3689456,0.20586777,DAZ,H,9402.0,0.592,0.73,,,
WDJ113216.54-360204.95,5398247534240054528,27.442334910467686,36.44,15.0982583,1.2763023,DZH,H,4766.0,0.617,7.84,,,
WDJ113430.48-325002.40,3478127467639543296,104.6570356923785,9.555,14.64715515,0.93699646,DC,He,5367.0,0.646,5.6,MS,2,
WDJ113444.64+610826.68,859567752163281792,35.578581385150564,28.107,13.12786114,0.43723488,DAZ,H,7502.0,0.574,1.26,,,
WDJ113705.10+294758.29,4019458647338779648,63.73294526558126,15.69,11.51402894,-0.28808403,DA,H,21336.0,0.944,0.17,,,
WDJ113840.67-131338.55,3585097235918075776,37.249715682834285,26.846,14.28838681,0.73457336,DC,He,5930.0,0.654,3.8,MS,3,
WDJ114122.38-350406.93,3464893058489831552,34.175011362182836,29.261,15.06552134,1.2754192,DZA,H,4777.0,0.608,7.64,,,
WDJ114352.16-013149.34,3793132257595347200,25.244856114259143,39.612,14.1736015,0.6130352,DA,H,6556.0,0.81,3.87,,,
WDJ114542.92-645029.46,5332606522595645952,215.67527344818546,4.637,13.09210579,0.28574753,DQ,He,8062.0,0.612,1.24,,,
WDJ114544.57+630559.15,863131372427958912,41.65614301991526,24.006,14.29094928,0.9150429,DA,H,5533.0,0.558,2.76,,,
WDJ114556.67+314930.69,4021565827014024576,31.91490983810673,31.333,11.22686011,-0.16805935,DA,H,15735.0,0.612,0.17,MS,2,
WDJ114625.77-013636.90,3794567429507510528,30.382153370051498,32.914,13.66456476,0.61763763,DA,H,6526.0,0.579,1.83,,,
WDJ114734.45-745759.24,5224999346778496128,50.081745488051965,19.967,15.65323428,1.5712433,DC,H,4052.0,0.63,10.17,,,
WDJ114803.28-452302.05,5377849123945711872,39.81472931094972,25.116,13.79784484,0.7275896,DA,H,6064.0,0.514,1.88,,,
WDJ114901.67-405114.98,5381346739148118016,25.65907865445846,38.973,15.24111329,1.413866,DC,H,4513.0,0.607,8.58,,,
WDJ114904.52-292151.76,3480776843983381632,32.25779977880486,31.0,14.72805371,0.84936905,DA,H,5722.0,0.815,5.65,,,
WDJ115007.08+240403.54,4004185576130620288,33.19854054023134,30.122,16.96259696,1.9530945,DC,He,,,,,,(Priv. Comm. 2024)
WDJ115020.14-255335.40,3490527755479959936,34.04983611431383,29.369,13.95133713,0.5222368,DC,He,6686.0,0.68,2.52,,,
WDJ115052.33+683115.97,1058284412796260480,58.513040459652075,17.09,13.96335533,0.5813236,DA,H,6696.0,0.754,3.06,,,
WDJ115136.10-273221.13,3487220772397809536,39.723022182986554,25.174,13.72062441,0.54015064,DQ,He,6773.0,0.638,2.07,,,
WDJ115403.49-310145.29,3479615106870788864,25.389612812926732,39.386,14.13177639,0.69356537,DC,He,6105.0,0.64,3.1,,,
WDJ115434.57+242239.72,4004395720290994048,37.691438761814716,26.531,13.43083458,0.28365898,DA,H,8699.0,0.913,2.3,,,
WDJ115454.07-623919.42,5334619419176460928,44.537096147770264,22.453,14.69914349,1.0992651,DAZ,H,5087.0,0.57,5.11,,,
WDJ115612.37+131555.45,3920187251456610816,28.11528172145284,35.568,14.6466172,1.1912365,DC,H,4954.0,0.523,4.92,,,
WDJ115643.84+182219.54,3926968661219149184,37.37908724008802,26.753,13.40545946,0.37391567,DC,He,7472.0,0.631,1.57,,,
WDJ115814.52+000458.51,3795052348495488896,28.90344994737291,34.598,15.20956642,1.36763,DC,H,4621.0,0.609,8.24,,,
WDJ115952.05+000751.87,3891115064506627840,35.32557581321628,28.308,13.45375925,0.21124172,DA,H,9420.0,1.015,2.45,,,
WDJ115954.88-601625.45,5341271911184522880,38.49865112070018,25.975,14.80262657,1.1720791,DA,H,4947.0,0.573,6.11,,,
WDJ120003.37+433541.71,1537794524729363712,26.785972553070913,37.333,12.8409641,0.38791466,DA,H,7887.0,0.526,0.99,,,
WDJ120055.89-103220.61,3575728709655386752,29.71077755980344,33.658,13.65147109,0.37542725,DA,H,7949.0,0.879,2.71,,,
WDJ120207.65-100439.65,3575770010060921728,31.606497748664303,31.639,13.30964088,0.22396564,DA,H,9274.0,0.949,2.13,,,
WDJ120526.67-233312.14,3489719481290397696,95.90170123713744,10.427,12.64722056,0.29466438,DAZ,H,8540.0,0.572,0.9,,,
WDJ121118.82+072448.16,3904628406009296896,39.50291587148491,25.315,14.54911177,1.0217552,DA,H,5281.0,0.581,4.06,,,
WDJ121129.27+572417.24,1575357587146077056,50.07790021323608,19.969,14.12079855,0.80248356,DAZ,H,5831.0,0.577,2.46,,,
WDJ121431.83+782256.54,1717341818608187648,30.630577424768575,32.647,14.85072092,1.1744118,DZ,H,4979.0,0.592,6.33,,,
WDJ121456.38-023402.84,3694399755554510720,26.28455198774617,38.045,14.90546989,0.9862213,DZH,He,5279.0,0.731,6.63,,,
WDJ121616.94-375848.13,6151294355090597504,26.27858918326513,38.054,15.24881323,1.3459606,DC,H,4651.0,0.644,8.7,,,
WDJ121701.84+684851.45,1683330453627242752,30.52371708306994,32.761,14.3010591,0.63284683,DA,H,6500.0,0.849,4.32,,,
WDJ121724.77-632945.73,6054148143441683072,26.65415790149909,37.518,13.16682683,0.30023098,DZ,He,7996.0,0.727,1.66,,,
WDJ122048.70+091413.08,3905335598144227200,26.681842450632846,37.479,16.73711608,0.8715229,DC,He,,,,,,IR-faint white dwarf with collision-induced absorption in the infrared. Multiple solutions for Gaia stellar parameters
WDJ122619.77+183634.46,3947104533054775168,27.880266896677057,35.868,13.45879463,0.36913586,DAHe,H,7972.0,0.805,2.04,,,
WDJ122635.58+351309.86,1518943638389520384,28.640923383297263,34.915,14.50462308,1.062006,DA,H,5221.0,0.531,3.45,,,
WDJ122642.02-661218.47,5860131207828395648,64.9877852204088,15.388,12.98575868,0.42033386,DA,H,7582.0,0.534,1.11,,,
WDJ122724.28+315024.04,4015547856277853824,25.720999294357743,38.879,13.61842319,0.6190319,DA,H,6547.0,0.56,1.73,,,
WDJ122747.36-081437.97,3583181371265430656,30.55648357420556,32.726,12.15566187,0.013476372,DZAB,He,11248.0,0.695,0.63,,,
WDJ122807.73+002219.62,3696778892558087552,30.951952501448474,32.308,12.39542525,0.21605778,DAZ,H,9300.0,0.588,0.74,,,
WDJ122956.02-070727.57,3583402849843287680,28.26959265885648,35.374,14.62064175,1.1131306,DA,H,5090.0,0.557,4.79,,,
WDJ123156.66-503247.99,6127190796769848960,30.479936326100965,32.808,10.89115528,-0.23061562,DA,H,18012.0,0.583,0.09,,,
WDJ123322.45+060711.07,3708578473389974528,26.219937584377362,38.139,14.83002627,0.92053413,DA,H,5508.0,0.793,6.34,,,
WDJ123445.37-444001.75,6133033635916500608,35.123127209973504,28.471,13.91133388,0.56606674,DC,He,6665.0,0.695,2.7,MS,2,
WDJ123752.23+415624.69,1534384148897669248,27.712041387124042,36.085,14.34202259,0.9787464,DQP,He,5324.0,0.533,4.26,,,
WDJ123849.78-494800.22,6127333286605955072,67.40577870662803,14.836,12.93640065,0.047530174,DA,H,11359.0,1.037,1.56,,,
WDJ123914.70+452514.14,1541286711100812160,37.253382231738975,26.843,14.22137954,0.64799213,DA,H,6407.0,0.792,3.94,,,
WDJ124030.49+180728.84,3935942939548822272,25.36270920997306,39.428,14.46477421,0.9805546,DA,H,5418.0,0.592,3.58,,,
WDJ124112.37-243428.54,3500086050578451712,26.378055955948522,37.91,14.06444093,0.5868149,DZ,He,6551.0,0.733,3.24,,,
WDJ124155.92-133501.27,3528871819044810368,27.819860007335123,35.946,12.9432797,0.26655102,DC,He,8254.0,0.579,1.08,,,
WDJ124445.04-350744.18,6158704208764041472,44.98155365927719,22.231,12.79919026,0.20497322,DQ,He,8743.0,0.605,0.99,,,
WDJ124452.69-800927.91,5784295623056963200,46.79163833482646,21.371,14.36126826,0.8244734,DC,He,5647.0,0.608,4.17,,,
WDJ124504.52-491336.69,6079710620510474240,34.406542165642,29.064,12.92193514,0.23810863,DQ,He,8497.0,0.613,1.09,,,
WDJ124828.17-102857.82,3530520910392199680,25.18422790417247,39.707,13.8174832,0.4308586,DC,He,7106.0,0.737,2.55,,,
WDJ125007.73+544706.17,1570514066627694336,42.197556360483404,23.698,15.45429851,1.5836048,DC,H,4054.0,0.547,8.72,,,
WDJ125411.51+362058.45,1517239773324267904,35.02891388914993,28.548,14.88341536,1.2116299,DC,H,4900.0,0.574,6.41,,,
WDJ125508.46+465518.88,1531097433767946240,26.838608124499046,37.26,15.53956495,1.2238102,DC,H,4827.0,0.867,9.99,,,
WDJ125946.66+273404.14,1460689760003983232,30.322933667184323,32.978,12.76372508,0.2947731,DAZ,H,8586.0,0.624,0.99,,,
WDJ130009.06+032841.06,3704392873141718912,60.592347518757876,16.504,14.55014589,0.8627949,DA,H,5669.0,0.72,4.71,,,
WDJ130021.26+013045.42,3690395231125833600,27.79825842197457,35.973,14.49552794,0.9648285,DA,H,5423.0,0.611,3.89,,,
WDJ130121.13+671307.35,1679365202380970880,32.452735083809614,30.814,13.98699152,0.6085243,DA,H,6573.0,0.733,3.0,,,
WDJ130317.88+260313.51,1459546263999675264,26.346934308949315,37.955,15.48733444,1.4209518,DC,H,4520.0,0.707,9.89,,,
WDJ130329.44-355124.90,6154946657841163392,34.73975404344871,28.785,13.4004147,0.31250477,DQ,He,7920.0,0.716,1.66,,,
WDJ130446.37-052837.60,3629758603668233728,34.350870082119656,29.111,14.66463871,1.022871,DA,H,5282.0,0.635,5.19,,,
WDJ130503.44+702243.05,1686322048672412288,28.87973189858507,34.626,16.63391779,1.1348476,DC,He,,,,,,IR-faint white dwarf with collision-induced absorption in the infrared. Multiple solutions for Gaia stellar parameters
WDJ130744.29-792511.64,5784706428090844160,25.367566180055594,39.42,15.16821801,1.2690487,DC,H,4821.0,0.683,8.63,,,
WDJ130841.20+850228.16,1726678630833373824,60.71101974439407,16.471,14.72488164,1.0021582,DAH,H,5324.0,0.681,5.79,,,
WDJ131256.47-472807.91,6085402414245451520,59.58271274566934,16.783,15.56604136,1.5477066,DC,H,4097.0,0.608,9.75,,,
WDJ131257.90+580511.29,1566603962760532736,32.482368518804066,30.786,11.62639345,0.11186981,DA,H,10313.0,0.451,0.41,,,Double degenerate from 2018MNRAS.473.3693G
WDJ131313.14+022645.82,3691685882071367936,32.37919004377416,30.884,15.4249599,1.4544563,DC,H,4384.0,0.638,9.45,,,
WDJ131619.57-200732.06,3506567328028533120,43.22843599000571,23.133,15.19104761,1.0258579,DZ,He,5165.0,0.822,7.31,,,
WDJ131727.39-543808.28,6067215083178616704,40.56814706224298,24.65,14.12174786,0.81845856,DA,H,5771.0,0.563,2.44,,,
WDJ131730.86+483333.05,1556005701461744640,25.633156096737455,39.012,14.17595041,0.82206726,DA,H,5803.0,0.588,2.57,MS,2,
WDJ131747.24-112106.03,3623233040812235904,25.183127859982562,39.709,12.57237035,0.2449894,DAZ,H,9052.0,0.623,0.86,,,
WDJ131748.97+215713.60,3943650619138622848,31.479325451039447,31.767,14.18130209,0.63399124,DCP,He,6334.0,0.726,3.54,,,
WDJ131830.01+735318.25,1688618481786030336,27.44898629886217,36.431,14.05755355,1.0839577,DA,H,5205.0,0.372,2.07,,,Double degenerate candidate
WDJ131924.74-214754.87,3506061587037686144,50.610678511416516,19.759,15.0579508,0.79187393,DA,H,5880.0,0.987,6.33,,,
WDJ131925.56-782328.17,5787859896160384384,51.86204910091279,19.282,14.53907236,0.89302444,DAH,H,5575.0,0.689,4.59,,,
WDJ131958.95-563928.42,6063252374582712320,27.92986625898576,35.804,13.65121028,0.44872093,DC,He,7009.0,0.641,1.88,,,
WDJ132115.10+462323.65,1551062778220116992,30.412603324295603,32.881,11.94480399,-0.11698437,DA,H,14627.0,0.844,0.4,,,
WDJ132550.44-601508.04,5869567658943170048,27.82427545537884,35.94,11.98954432,0.022583008,DB,He,11080.0,0.573,0.49,,,
WDJ132756.43-281716.98,6188345358621778816,27.477832395024784,36.393,13.14953735,0.388669,DQ,He,6439.0,0.405,1.35,MS,2,Double degenerate candidate
WDJ133013.64-083429.47,3630035787972473600,62.148457744031475,16.091,11.32226078,-0.13416195,DA,H,14563.0,0.595,0.21,MS,2,
WDJ133059.42+302953.65,1468213546275054208,39.151778207748755,25.542,13.93812546,0.6288004,DZH,He,6351.0,0.63,2.5,,,
WDJ133216.49-440838.71,6087659745978472064,29.254918869809106,34.182,14.50866249,0.7999134,DC,He,5719.0,0.691,4.93,,,
WDJ133314.60-675117.19,5845312191917620224,37.98249334818587,26.328,14.56465735,0.8467922,DZ,He,5544.0,0.662,5.21,MS,2,
WDJ133601.82+482846.25,1552488776081383040,27.1290308579767,36.861,11.2330524,-0.13729668,DB,He,14480.0,0.544,0.2,MS,2,
WDJ133630.61+362348.54,1472029470098019072,28.216511424138186,35.44,13.50429959,0.5706558,DA,H,6747.0,0.566,1.62,,,
WDJ133631.85+034045.94,3713594960831605760,119.75661648253032,8.35,14.76791759,1.1483755,DA,H,5010.0,0.572,5.68,,,
WDJ133807.43-680434.65,5850533227210203520,25.13703393455326,39.782,12.57659216,0.26716423,DA,H,8832.0,0.588,0.85,,,
WDJ133850.48+701707.64,1686708050268594944,37.72907009770777,26.505,10.65561951,-0.2785654,DAZ,H,20319.0,0.585,0.05,,,
WDJ134121.80+050045.85,3714914271705535360,68.15547717234477,14.672,15.48183881,1.490633,DC,H,4255.0,0.624,9.58,,,
WDJ134202.88-341519.45,6165095738576250624,48.11495272535425,20.784,14.64976532,1.036416,DA,H,5254.0,0.62,5.07,,,
WDJ134349.01-344749.39,6165010320266420096,27.68709079805623,36.118,14.48967662,0.9987831,DA,H,5247.0,0.536,3.4,,,
WDJ134441.03-650942.13,5851860818806598528,25.89708662672929,38.614,14.82240855,1.1656322,DA,H,4955.0,0.564,5.86,,,
WDJ134532.97+420043.66,1500607765872799616,26.688730792614344,37.469,14.17680361,1.2517185,DC,H,4968.0,0.361,2.55,,,Double degenerate candidate
WDJ134602.06+570032.79,1658578797618935680,40.048293005701275,24.97,11.49977105,-0.10845184,DA,H,14095.0,0.637,0.27,,,
WDJ134724.37+102138.01,3725570772761744384,48.05968617454268,20.807,13.43224065,0.5337572,DAZ,H,6926.0,0.577,1.56,,,
WDJ134803.01+233446.44,1251824057289839744,84.31052432709014,11.861,14.96746695,1.2689066,DC,H,4769.0,0.586,7.21,MS,2,
WDJ134902.30+115513.53,3728074738695246336,35.288635840394356,28.338,15.54897635,1.3436146,DCP,He,4607.0,0.742,8.1,,,
WDJ134944.61+275521.76,1451566149955227520,33.35000037311801,29.985,13.89049422,0.48042202,DA,H,7240.0,0.844,3.22,,,
WDJ135118.41+425316.90,1502063317405058304,25.43081634238371,39.322,13.86707651,0.51156807,DZ,He,6748.0,0.742,3.04,,,
WDJ135122.69-273357.82,6177238676273826304,26.591086040491863,37.607,12.24813538,0.17364788,DA,H,9701.0,0.586,0.66,,,
WDJ135211.79+105351.87,3727155340815968256,28.289535665648362,35.349,14.0047011,0.76776314,DA,H,5944.0,0.559,2.23,,,
WDJ135315.53-091633.37,3618657732410663808,50.7380729734288,19.709,13.07608084,0.26495647,DAH,H,8881.0,0.803,1.41,,,
WDJ135509.42-262248.95,6178524211524592640,30.742292845991056,32.528,14.04975728,0.7332611,DA,H,6090.0,0.627,2.54,,,
WDJ135907.82-233327.18,6275184065428686464,29.78675152196095,33.572,12.35617071,0.203475,DA,H,9441.0,0.595,0.73,,,
WDJ140115.27-391432.21,6114344102909485824,35.99700185293731,27.78,15.03666865,0.91072273,DAH,H,5540.0,0.891,7.13,,,
WDJ140324.75+453333.02,1505825635741455872,29.084471595454005,34.383,16.34022589,-0.1395874,DC,He,,,,,,IR-faint white dwarf with collision-induced absorption in the infrared. Multiple solutions for Gaia stellar parameters
WDJ140556.01+664802.01,1671668067321674368,27.241718373835003,36.708,15.57784649,1.552494,DC,H,4159.0,0.624,9.82,,,
WDJ140608.61-695726.60,5846206030463663232,27.916679168210628,35.821,13.47631678,0.5657377,DA,H,6768.0,0.559,1.58,MS,2,
WDJ140644.61+313022.68,1454347089739329152,25.34202172871194,39.46,14.98374329,1.1963711,DC,H,4936.0,0.637,7.44,,,
WDJ140709.63-062641.95,3643555726544985088,40.66405958675241,24.592,13.05017967,0.3229456,DA,H,8344.0,0.702,1.29,,,
WDJ140945.24+421600.65,1498447607777405312,27.86208403650869,35.891,12.29154299,0.15505314,DAZ,H,9965.0,0.639,0.7,,,
WDJ141039.98+024513.10,3667514634669861120,36.090776392033106,27.708,14.30951412,0.88839436,DAZ,H,5598.0,0.588,2.94,,,
WDJ141041.67-751030.18,5790182751914903424,30.005025888207147,33.328,14.78157903,1.1273823,DZA,H,5073.0,0.602,5.95,,,
WDJ141159.17-592044.99,5867776696271127424,69.44139909126426,14.401,13.75986831,0.58574677,DA,H,6653.0,0.657,2.13,,,
WDJ141215.41+153253.03,1232045934759720192,27.4104824036052,36.482,15.07917839,1.1282902,DC,H,5081.0,0.753,8.36,,,
WDJ141220.36-184241.64,6296317052576778240,30.05643854888609,33.271,14.33875559,0.83761024,DAH,H,5734.0,0.644,3.41,MS,2,
WDJ141421.47-363020.36,6118079453145005312,28.42732000897935,35.177,14.86306659,1.0931778,DA,H,5187.0,0.691,6.87,,,
WDJ141622.47-653126.81,5852538324131652736,25.916162253285165,38.586,13.44820145,0.29169083,DA,H,8609.0,0.9,2.29,,,
WDJ142054.81-090508.76,6329136310728635776,26.115112879302444,38.292,12.39896754,0.3996086,DA,H,7785.0,0.398,0.77,,,Gaia non-single-star: period 87 days
WDJ142254.17-460549.72,6093257119157372160,26.44775330173365,37.81,14.05235293,0.5989685,DC,He,6480.0,0.71,3.13,,,
WDJ142428.39-510233.63,5898935893701856128,31.594571865323505,31.651,13.82543937,0.5852785,DQ,He,6553.0,0.627,2.22,,,
WDJ142439.15+091714.16,1176717792385803136,29.9940998640532,33.34,11.72869417,-0.028862,DA,H,12392.0,0.643,0.39,BD,2,
WDJ142659.43+492100.45,1507571286545131648,29.505038325639863,33.893,14.09101792,0.5434227,DC,He,6760.0,0.794,3.41,,,
WDJ143015.38-240326.12,6272326022391660928,30.706253163826453,32.567,14.86916113,1.1568184,DA,H,5004.0,0.616,6.67,MS,2,
WDJ143019.96-252040.40,6271903947364173056,31.6444279533687,31.601,14.03726225,0.5784111,DA,H,6742.0,0.796,3.44,MS,2,
WDJ143307.64-812014.13,5772718006135360128,47.87776291302787,20.887,11.82487225,-0.02193737,DA,H,12147.0,0.675,0.45,,,
WDJ143642.85+433234.61,1493367245581725184,36.82085174361035,27.159,15.04081115,1.2620811,DC,H,4809.0,0.611,7.56,,,
WDJ143826.23-560110.20,5893318763718868736,25.613849958373628,39.041,13.29725731,0.2746544,DC,He,8210.0,0.725,1.53,,,
WDJ144251.51-782353.67,5785654859950570496,41.68513173425078,23.989,14.04881489,0.691412,DA,H,6206.0,0.666,2.76,,,
WDJ144318.17-143715.32,6310804634396281984,34.81126483149145,28.726,13.90896402,0.58439636,DA,H,6669.0,0.723,2.73,,,
WDJ144528.12+292124.29,1282448170543051520,26.029760423314034,38.418,14.43934085,0.9476929,DA,H,5473.0,0.599,3.45,WD,2,
WDJ144528.47+292132.07,1282448170543051648,26.051812220545155,38.385,11.5928627,-0.033539772,DA,H,12445.0,0.586,0.34,WD,2,
WDJ144710.68-694040.21,5799644049485006848,33.75797961312144,29.623,14.41968523,1.3159294,DC,H,4804.0,0.397,3.38,,,Double degenerate candidate
WDJ144725.34-174215.75,6282457918962299776,75.19475017006016,13.299,15.5382156,1.1109543,DC,H,5055.0,0.957,9.48,,,
WDJ145806.49+293729.52,1281989124439286912,34.997480888577215,28.573,13.21829993,0.46278858,DAZ,H,7342.0,0.578,1.34,,,
WDJ150324.74-244129.02,6227687980608264064,38.51144034415773,25.966,13.69575781,0.8489971,DA,H,5697.0,0.409,1.71,,,Double degenerate candidate
WDJ150549.31-071440.95,6332763530870415488,37.08223709770063,26.967,13.60866063,0.5851841,DAH,H,6668.0,0.591,1.78,,,
WDJ150938.86+633225.48,1620030637207462912,28.712405974404376,34.828,12.01901293,0.119924545,DA,H,10318.0,0.574,0.55,,,
WDJ151127.63+320417.92,1276688069644366592,29.282034893204052,34.151,11.47689727,-0.13355255,DA,H,14772.0,0.662,0.25,,,
WDJ151358.72-201445.94,6255777749623059584,36.26462738154875,27.575,11.8928931,0.06809807,DA,H,10903.0,0.592,0.49,,,
WDJ151431.85-462555.28,5903884280152869632,44.27070083208887,22.588,13.27352899,0.35838795,DQZ,He,7541.0,0.591,1.4,,,
WDJ151534.80+823028.99,1722236328978172928,26.13265621298822,38.266,15.25083478,1.3467064,DZH,H,4662.0,0.645,8.67,,,
WDJ151552.91+664242.88,1645204475617697536,26.163541605673657,38.221,12.50989166,0.13220406,DA,H,10298.0,0.771,0.87,,,
WDJ151907.38-485423.83,5902612969841664768,28.259854761499465,35.386,12.79376663,0.19662762,DQZ,He,8872.0,0.621,0.99,,,
WDJ152316.52-341207.40,6206195620664214400,30.635244715507298,32.642,12.80161577,0.21228504,DC,He,8711.0,0.597,0.98,,,
WDJ152542.94+562908.61,1602197696772907648,31.040520042425857,32.216,14.20907494,0.9108906,DA,H,5547.0,0.527,2.5,,,
WDJ152621.06+293622.69,1273685372108354176,43.088926111572626,23.208,14.66839735,1.0645075,DA,H,5191.0,0.599,5.06,,,
WDJ152915.63-642811.20,5826604589994061312,30.819371521992778,32.447,14.35355989,0.9495506,DA,H,5304.0,0.521,2.98,,,
WDJ152926.39-141614.44,6265877455415860224,26.650611605512278,37.523,14.9737129,1.007473,DA,H,5325.0,0.796,7.43,,,
WDJ153044.96-620304.10,5827454649955072256,26.560293924691777,37.65,14.34970638,0.8107414,DAZ,H,5876.0,0.689,3.72,,,
WDJ153417.50+021848.12,4424031479858305408,29.631328620498664,33.748,13.57675062,0.33855438,DA,H,8195.0,0.892,2.58,,,
WDJ153451.17+464948.77,1401010605309570816,32.47346851508901,30.794,15.32735039,1.4076729,DC,H,4520.0,0.625,8.84,MS,2,
WDJ153505.81+124745.20,1193520666521113344,51.94608187314988,19.251,14.16823998,0.7940893,DZH,He,5786.0,0.56,2.98,,,
WDJ153744.44+650148.75,1641386833807056640,34.66318030869148,28.849,12.31676503,0.18620586,DA,H,9589.0,0.6,0.71,,,
WDJ154033.36+330852.51,1370654257498865536,33.82968098724219,29.56,12.69632651,0.27893448,DA,H,8726.0,0.62,0.94,,,
WDJ154053.08-485837.95,5985749857190372480,27.413519285263284,36.478,15.00248396,1.1810341,DZA,H,4958.0,0.661,7.73,,,
WDJ154234.63+232941.56,1218051664291152000,35.98643987847095,27.788,14.37729742,0.80423546,DA,H,5840.0,0.694,3.88,,,
WDJ154605.44+375127.50,1376326912864142336,26.677641749444703,37.485,11.62172518,-0.06806469,DA,H,13290.0,0.641,0.32,,,
WDJ154730.02-375508.46,6009537829925128064,65.68911952047122,15.223,12.0882752,0.104569435,DA,H,10392.0,0.617,0.59,MS,2,
WDJ154835.89+570826.43,1598771000065137536,26.36804129682261,37.925,14.45284335,0.791729,DC,He,5778.0,0.679,4.59,,,
WDJ154937.89-395455.21,6008386881767536128,26.457319634629865,37.797,11.50921922,-0.09090233,DB,He,13268.0,0.573,0.29,MS,2,
WDJ155131.68-385049.90,6008581907636919936,28.1172141621663,35.565,14.69711444,0.949316,DC,He,5356.0,0.663,5.81,,,
WDJ155226.38+181018.69,1202826348825240832,27.12155147242134,36.871,11.98235465,-0.11725807,DA,H,14813.0,0.866,0.41,,,
WDJ155534.21+502547.74,1403348682426861568,32.759749385751086,30.525,13.98947385,0.72606087,DA,H,6103.0,0.606,2.36,,,
WDJ155647.51-080601.24,4348098485293072128,30.56570938445895,32.716,15.7648064,0.44581413,DC,He,,,,,,IR-faint white dwarf with collision-induced absorption in the infrared. Multiple solutions for Gaia stellar parameters
WDJ155857.70+041705.16,4425632987265111680,44.42666298530873,22.509,14.23363747,0.5493269,DCP,He,6730.0,0.848,3.81,,,
WDJ160027.92-131949.93,6264127170346899712,27.1993784966671,36.766,14.8192149,1.103468,DC,He,5073.0,0.609,6.1,,,
WDJ160041.14-165430.24,6250213984568447872,32.954658273242494,30.345,15.60342206,1.5718193,DC,H,4091.0,0.618,9.91,,,
WDJ160112.71+531659.84,1404831472640252928,26.5510410936279,37.663,13.58654077,0.58219147,DA,H,6723.0,0.59,1.74,,,
WDJ160123.19+364834.29,1372458109403442432,30.46677204995983,32.823,11.82724822,0.05019188,DA,H,11120.0,0.588,0.46,,,
WDJ160137.01-383209.35,5998095590373665792,30.704672907428535,32.568,14.53011938,1.1348572,DA,H,5067.0,0.517,4.02,,,
WDJ160241.98+575815.32,1622697949337226112,30.90336916527265,32.359,11.26092415,-0.15839767,DA,H,15563.0,0.614,0.18,,,
WDJ160415.07-072658.01,4349513797276615680,37.211176065553744,26.874,15.76857698,1.1721153,DCP,H,4995.0,1.029,9.37,,,
WDJ160420.47-133123.84,4341773063622911872,26.66553227344414,37.502,14.55440929,1.0947495,DA,H,5140.0,0.547,4.22,,,
WDJ160453.59+005512.97,4411572123331402880,30.799262899377702,32.468,14.85700061,1.1659851,DC,H,4984.0,0.598,6.44,,,
WDJ160454.29-720347.59,5806672265237931776,27.058708413326933,36.957,14.34287631,1.4905243,DC,H,4716.0,0.304,2.72,,,Double degenerate candidate
WDJ160606.17+702226.94,1647162396588999552,27.890910682107265,35.854,13.81291547,0.65320015,DA,He,6264.0,0.542,2.02,MS,2,He-rich DA (weak Halpha)
WDJ160700.89-140423.88,4341495230772911616,36.346777024107254,27.513,14.29798653,0.83238316,DAH,H,5732.0,0.626,3.14,MS,2,
WDJ160714.17+342346.59,1323922779935068160,29.108059638823814,34.355,14.30066328,0.89536476,DA,H,5591.0,0.582,2.89,,,
WDJ161125.61+132217.94,4458207634145130368,44.91266293097439,22.265,13.33394203,0.22878456,DA,H,9235.0,0.953,2.19,,,
WDJ161330.58+442754.13,1385719147346936064,32.95522892258367,30.344,14.59067166,0.9538841,DA,H,5338.0,0.62,4.54,MS,2,
WDJ161424.60+090603.91,4452997701376633728,35.90492074716555,27.851,14.95362486,1.2065563,DC,H,4919.0,0.618,7.18,,,
WDJ161916.31-183114.19,6246049446837287680,26.031110367581075,38.416,15.05760247,0.87556076,DA,H,5680.0,0.937,6.78,,,
WDJ162125.64-055219.84,4355229123137665792,25.61471664342262,39.04,14.92311078,1.2228489,DC,H,4844.0,0.59,6.98,,,
WDJ162224.44-551132.01,5931881969426463616,27.38854593982261,36.512,14.44227788,0.943285,DA,H,5456.0,0.596,3.48,,,
WDJ162333.84-391346.16,6018034958869558912,77.45445300678792,12.911,10.44563196,-0.34853935,DA,H,24073.0,0.636,0.03,MS,2,
WDJ162558.78-344145.71,6022366686772364288,28.592531075298076,34.974,14.59656501,1.1030312,DAH,H,5129.0,0.559,4.55,,,
WDJ162626.33+193839.32,1201036206454896000,36.269798985125675,27.571,14.29019174,0.72865295,DA,H,6104.0,0.738,3.9,,,
WDJ162753.49+091216.02,4452521234885949184,39.85582927285886,25.09,14.03441125,0.5621681,DA,H,6800.0,0.809,3.48,,,
WDJ162818.90-173917.89,4323956302321933952,30.98376237586422,32.275,14.75147777,1.1553383,DA,H,5017.0,0.562,5.41,,,
WDJ162825.00+364615.85,1331106782752978688,62.9108969334804,15.895,12.77670439,0.18741798,DZA,He,8964.0,0.72,1.2,,,
WDJ162838.60+705321.70,1653044367185115264,30.570707255398414,32.711,14.94553043,1.147129,DA,H,5026.0,0.66,7.35,,,
WDJ163029.74-373936.84,6018613473779340928,30.103145629282423,33.219,15.3128934,0.6122036,DC,He,6449.0,1.147,4.44,,,IR-faint white dwarf with collision-induced absorption in the infrared. Multiple solutions for Gaia stellar parameters
WDJ163058.32-281815.48,6044265144466741888,25.453252242541144,39.288,15.52664841,1.5299091,DC,H,4190.0,0.617,9.65,,,
WDJ163233.17+085122.67,4440264291578812928,77.35287594638186,12.928,14.33894333,0.87302494,DA,H,5624.0,0.614,3.21,,,
WDJ163337.05-371314.28,6018693257096471424,47.404525154122666,21.095,14.814707,0.88656616,DC,He,5475.0,0.76,6.3,,,
WDJ163411.51+755857.56,1703379704562897280,29.85625658519689,33.494,11.61918377,0.037312508,DA,H,12816.0,0.611,0.33,MS,2,
WDJ163421.55+571008.87,1431176943768691328,67.35385415177373,14.847,13.99055326,0.6850052,DQ,He,6126.0,0.584,2.45,MS,2,
WDJ163441.85+173634.09,4466388790929771904,39.03397945199561,25.619,11.09493415,0.14571476,DAZ,H,9754.0,0.305,0.31,,,Double degenerate from 2021MNRAS.502.4972K
WDJ163501.43+431736.35,1405343643196929536,68.9911960837904,14.495,13.91018937,0.62082195,DAZ,H,6516.0,0.685,2.53,,,
WDJ163626.53-873706.08,5765270154886903168,26.41670344679564,37.855,14.5948031,0.81596184,DQ,He,5674.0,0.716,5.33,,,
WDJ163854.47+054041.63,4435778215414219520,27.75141237334975,36.034,13.55111545,0.30524635,DA,H,8496.0,0.928,2.58,,,
WDJ163927.82+332522.24,1326398777041821568,32.78695169783191,30.5,12.1954082,0.14688206,DA,H,9989.0,0.608,0.65,,,
WDJ164057.15+534109.32,1425909733315616000,49.650091057029,20.141,13.44199125,0.40596485,DAHe,H,7729.0,0.753,1.83,,,
WDJ164136.61+151237.93,4462612140287443840,32.2108886076323,31.045,13.15832653,0.4652071,DA,H,7329.0,0.547,1.25,,,
WDJ164725.24-544237.58,5929529014509678720,45.19750017005106,22.125,13.21649508,0.29712486,DA,H,8530.0,0.807,1.61,,,
WDJ164825.63+590322.66,1431783457574556672,91.33996015398594,10.948,12.08227809,-0.018343925,DA,H,12182.0,0.783,0.57,,,
WDJ164951.45-215503.96,4126670518631322880,27.19899060755582,36.766,14.71252794,1.0473232,DA,H,5223.0,0.632,5.53,,,
WDJ165044.34-324923.08,6027138331058857088,36.87624064795583,27.118,13.8875932,0.77714443,DA,H,5899.0,0.496,1.93,,,
WDJ165237.59-011356.41,4379328051494006784,33.05643788787638,30.251,14.73778226,0.9029083,DA,H,5571.0,0.772,5.77,,,
WDJ165335.21-100116.33,4334641562477923712,30.647531686545562,32.629,13.13974051,0.46597576,DAe,H,7345.0,0.542,1.23,,,
WDJ165401.26+625354.91,1631578537252535040,32.485170632628424,30.783,15.61798876,0.4474964,DC,He,,,,,,IR-faint white dwarf with collision-induced absorption in the infrared. Multiple solutions for Gaia stellar parameters
WDJ165445.69+382936.63,1351956512512484480,36.63590480423582,27.296,14.40414661,0.8146496,DAZH,H,5812.0,0.698,4.01,,,
WDJ165538.10-232555.73,4125468645047515904,26.148747330025024,38.243,13.56016244,0.52418137,DA,H,6994.0,0.65,1.82,,,
WDJ165538.91+253346.61,1306197930941817984,27.40347397821024,36.492,14.15403411,0.07349777,DA,H,11455.0,1.292,2.11,,,
WDJ165709.86+212648.66,4565048312887877888,47.63472232582776,20.993,12.46928919,0.2261095,DA,H,9206.0,0.604,0.79,,,
WDJ165823.76-805857.14,5775307733975564160,44.623962255613,22.409,14.97827365,1.2229195,DC,H,4858.0,0.607,7.28,,,
WDJ165847.03-061708.94,4340322876499078400,31.43948495916572,31.807,14.46464911,0.9091091,DA,H,5559.0,0.646,3.97,MS,2,
WDJ165935.92+442543.45,1358325021299899136,35.088798995129714,28.499,14.29996752,0.89954376,DA,H,5580.0,0.578,2.88,,,
WDJ165940.02+320320.46,1313405848136604672,26.714809434811368,37.432,14.4800944,0.66163635,DA,H,6407.0,0.897,4.84,,,
WDJ165948.42+440104.04,1358301480583401728,31.592126103461204,31.653,12.28706727,-0.4145136,DAH,H,29613.0,1.284,0.27,,,
WDJ170038.34-872352.90,5765288880944438144,30.72765918352157,32.544,12.03018939,0.06860256,DA,H,10897.0,0.647,0.56,,,
WDJ170054.19-690832.65,5808208420421074560,27.858070049167946,35.896,13.68628013,0.3755436,DA,H,7946.0,0.894,2.85,,,
WDJ170246.27+102241.24,4444590625015876864,34.10814927862353,29.319,15.31936578,1.0491562,DA,H,5209.0,0.909,8.91,,,
WDJ170256.34-531436.57,5923906524348891904,37.46175778118273,26.694,11.39387776,-0.1491785,DA,H,15052.0,0.648,0.22,MS,3,
WDJ170427.96-005026.31,4380188694219651456,37.0438407087865,26.995,14.11945304,0.6179342,DA,H,6540.0,0.783,3.61,,,
WDJ170430.68-481953.11,5938773880045035776,38.7985744266728,25.774,14.96023384,1.0425625,DC,He,5157.0,0.704,6.74,,,
WDJ170438.32-144620.79,4139348334376604928,30.611188471562638,32.668,13.83746096,0.45308685,DA,H,7433.0,0.86,3.12,,,
WDJ170502.87-014502.70,4379812558164849408,35.33116549115744,28.304,15.08348482,1.231081,DC,H,4853.0,0.656,8.13,,,
WDJ170530.44+480312.36,1408135749896104192,25.377764715018387,39.405,11.41158383,0.248662,DA,H,8918.0,0.296,0.39,WD,3,Part of a triple degenerate from 2000MNRAS.314..334M
WDJ170530.97+480310.27,1408135749896103936,25.346993471006332,39.452,11.54718026,-0.10775471,DA,H,14224.0,0.659,0.27,WD,3,Part of a triple degenerate from 2000MNRAS.314..334M
WDJ170552.58+260551.20,4573071139998034048,28.84056913260366,34.673,14.33445013,0.7506256,DA,H,6038.0,0.734,3.98,MS,2,
WDJ170641.36-264334.71,4108828945319007744,76.65460424054565,13.046,14.42889823,0.71536446,DAH,H,6128.0,0.809,4.61,,,
WDJ170807.97+025737.08,4388138816124225792,56.0375054933106,17.845,13.83796597,0.5102196,DZ,He,6720.0,0.728,2.94,,,
WDJ171126.76-144753.69,4139531467491239680,44.0851697476335,22.683,12.47490859,0.10462856,DQ,He,9916.0,0.638,0.77,,,
WDJ171306.09+693125.51,1638563322306634368,38.094317490497396,26.251,11.23216199,-0.16787052,DA,H,15732.0,0.614,0.17,,,
WDJ171409.55-053419.96,4361621688038664064,38.19956410381718,26.178,12.53630304,0.18527985,DA,H,9628.0,0.697,0.87,,,
WDJ171436.16-161243.30,4136103572502555264,26.982312116904165,37.061,13.10131881,0.06899738,DAH,H,11135.0,1.066,1.81,,,
WDJ171450.80+391837.43,1341543072245722752,25.26306472568276,39.583,13.30663517,0.5867481,DAH,H,6694.0,0.467,1.31,,,Double degenerate candidate
WDJ171620.72-082118.60,4359722208685335552,25.997995801331406,38.465,13.84475535,0.70438576,DQ,He,6065.0,0.504,2.05,,,
WDJ171652.09-590636.29,5915797694789556096,33.51342257405333,29.839,13.25329491,0.29321957,DAH,H,8608.0,0.831,1.74,,,
WDJ171835.16+015653.21,4387171623850187648,26.201540655864466,38.166,11.48723414,-0.051403046,DA,H,12685.0,0.558,0.3,,,
WDJ171952.83-013001.84,4367353266060378624,25.99086571562051,38.475,15.16441073,1.2892628,DC,H,4737.0,0.639,8.31,,,
WDJ171955.76+363936.32,1336988963803208192,28.539797198378277,35.039,14.23063641,1.0987082,DQpec,He,6727.0,0.804,3.53,MS,2,
WDJ172006.79+102227.98,4491748511228743808,26.59883064884768,37.596,14.77339272,1.0971088,DC,He,5092.0,0.591,5.84,,,
WDJ172239.79-355441.65,5975317695158795776,27.181933126147726,36.789,13.9216417,0.5012512,DA,H,7098.0,0.825,3.22,,,
WDJ172413.32+275655.30,4598266758185956864,25.93620095654303,38.556,14.38012481,0.76742744,DA,H,5971.0,0.729,4.05,,,
WDJ172945.19+143541.28,4542785981266940416,31.388141758116536,31.859,15.46495303,1.2159519,DC,H,4890.0,0.861,9.81,,,
WDJ173334.29+794916.65,1706631093589103872,37.26832477152694,26.832,14.77174036,0.80503845,DC,He,5633.0,0.785,5.96,,,
WDJ173337.18+290338.04,4598775557191664384,25.273672084987524,39.567,14.03105173,0.6138668,DC,He,6458.0,0.691,2.97,,,
WDJ173351.73-250759.90,4110161965722210432,26.83917785256645,37.259,14.55095804,0.887825,DA,H,5623.0,0.708,4.71,,,
WDJ173404.42+442303.09,1348795004265872000,26.691153911189527,37.466,14.83384775,1.0558681,DA,H,5217.0,0.685,6.57,,,
WDJ173700.72-542556.56,5921433963191695872,49.41402788576175,20.237,14.06325328,0.6328268,DA,H,6567.0,0.764,3.37,,,
WDJ173800.77-311237.21,4055353888055627008,25.280182059529665,39.557,15.15965699,1.2512493,DC,H,4816.0,0.677,8.57,,,
WDJ173834.39-082614.02,4168312459956062208,32.88322413354134,30.411,13.44619596,0.5045824,DAZ,H,7094.0,0.622,1.63,,,
WDJ173837.46-342729.28,4053455379420643584,25.48714452012428,39.235,14.82670391,1.2946072,DA,H,4980.0,0.578,6.02,MS,2,
WDJ174146.25+240149.67,4581383928942599296,31.62869258736207,31.617,13.9276032,0.4898262,DA,H,7190.0,0.849,3.33,,,
WDJ174220.63-203935.92,4118171568655203328,34.42121799353367,29.052,14.58396117,0.8412342,DC,He,5618.0,0.697,5.34,,,
WDJ174246.61-650514.67,5909078751020702080,33.42616162337801,29.917,13.50700754,0.2310257,DC,He,8580.0,0.874,2.18,,,
WDJ174248.51+433809.21,1349256249394224128,31.860504525564018,31.387,14.43747324,0.9288616,DA,H,5513.0,0.613,3.54,,,
WDJ174300.75+170145.74,4549622027311531904,29.923520847514162,33.419,15.45336846,1.3447285,DC,H,4585.0,0.723,9.85,,,
WDJ174322.98+143452.25,4500646618315862144,29.13163090410563,34.327,12.17445599,0.08126068,DC,He,10224.0,0.55,0.57,MS,2,
WDJ174349.28-390825.95,5961193055261256320,46.827728375345906,21.355,11.88731945,0.024140358,DA,H,11605.0,0.658,0.49,,,
WDJ174512.54-215309.25,4117081643422165120,25.51116278111209,39.199,15.41286927,1.5412235,DC,H,4233.0,0.584,8.97,,,
WDJ174554.56-131755.39,4149820323678136192,25.774732374798816,38.798,11.63730582,-0.00938797,DA,H,11902.0,0.574,0.37,MS,2,
WDJ174611.08-625141.41,5909739660590724224,29.040445392700438,34.435,13.20883036,0.45295334,DA,H,7403.0,0.587,1.34,MS,2,
WDJ174620.41-123425.48,4150020774057837440,26.978554813584594,37.066,14.35721941,0.73716354,DA,H,6066.0,0.755,4.19,,,
WDJ174708.31+285909.76,4596322473734130304,27.340476513680514,36.576,14.6880304,1.1794147,DC,H,4996.0,0.548,5.24,,,
WDJ174736.82-543631.16,5920900901901635968,73.98991155650216,13.515,15.27923154,1.3615437,DC,H,4565.0,0.625,8.69,,,
WDJ174746.92-520710.89,5945252202546434432,25.693455504527915,38.92,12.71937858,-0.109929085,DAH,H,14852.0,1.116,0.93,,,
WDJ174807.99+705235.92,1638979384378696704,160.99524492008814,6.211,14.81226625,1.0028296,DXP,He,5224.0,0.671,6.27,,,
WDJ174826.86+450327.85,1350517492310907392,33.432694862273635,29.911,13.16558692,0.22271156,DC,He,8685.0,0.745,1.37,,,
WDJ174935.61-235500.63,4068499305485306240,37.58944269316784,26.603,13.24000543,0.47686005,DAZ,H,7255.0,0.568,1.35,,,
WDJ174950.15+824626.06,1711005951573009792,61.17533188584654,16.346,13.14979167,0.4877491,DA,H,7188.0,0.517,1.23,,,
WDJ175325.53-840510.03,5767614206300408576,26.26554068929414,38.073,14.89464073,1.0751362,DC,He,5123.0,0.666,6.52,,,
WDJ175352.16+330622.62,4604247070649603584,28.00831648075472,35.704,11.05356603,-0.20177269,DA,H,17089.0,0.603,0.12,,,
WDJ175554.31-245648.94,4067477554248982528,26.620732410951504,37.565,11.987376,-0.054403305,DA,H,13001.0,0.788,0.48,,,
WDJ175704.46+405249.39,4611543459874840832,32.30244986667201,30.957,14.53579131,0.9465809,DC,He,5404.0,0.598,4.91,,,
WDJ175822.90+141737.92,4499839473701254400,46.9345748997573,21.306,14.43761744,0.96352863,DA,H,5412.0,0.582,3.43,,,
WDJ175919.66+392504.95,4611204329256349312,25.504174100540563,39.209,15.08909232,1.2904987,DC,H,4757.0,0.605,7.67,,,
WDJ175931.34-620108.87,5911160263973498496,26.00894086298751,38.448,13.06536734,-0.15115833,DA,H,16224.0,1.225,1.12,,,
WDJ180127.52+504958.36,2123432247756223488,32.28350022570592,30.976,14.91603508,1.1997662,DC,H,4936.0,0.603,6.82,,,
WDJ180314.84-805750.43,6363592840482769792,29.71977625382749,33.648,15.41941168,1.1908951,DC,H,4906.0,0.846,9.71,,,
WDJ180315.18-371725.54,4037085334973293824,37.838174306992435,26.428,14.67965087,0.9386368,DA,H,5456.0,0.704,5.4,,,
WDJ180345.86-752318.35,6414612172876713472,31.950997924972423,31.298,14.37112714,0.8795643,DAH,H,5624.0,0.624,3.38,,,
WDJ180723.38+035701.80,4470233817461336704,33.14024103308712,30.175,12.20336631,0.12628174,DA,H,10229.0,0.641,0.65,,,
WDJ180853.83-704231.62,6431530976766770560,28.136036258487806,35.542,15.16917557,1.22258,DC,H,4860.0,0.7,8.72,,,
WDJ180901.95-410140.69,6725656144031366144,32.006745488129084,31.243,14.08402558,0.8757334,DC,He,5746.0,0.509,2.59,MS,2,
WDJ180919.46+295720.85,4590489981163833984,40.8987531032596,24.451,11.18693134,-0.31252098,DA,H,22522.0,0.861,0.11,,,
WDJ181311.31-860811.23,6345857271249415424,25.899694273597387,38.61,14.85466219,1.1303177,DA,H,5069.0,0.636,6.66,,,
WDJ181539.13-114041.83,4153937891610652928,25.59616738772784,39.068,14.84918471,1.1370049,DC,He,5081.0,0.628,6.27,,,
WDJ181548.96+553232.22,2149331587745863680,26.36555778203698,37.928,14.20405082,1.2685452,DC,H,4955.0,0.366,2.62,,,Double degenerate candidate
WDJ181608.87+245442.85,4578913738632417920,26.568348412325353,37.639,13.94466479,0.5681782,DAP,H,6800.0,0.766,3.03,,,
WDJ181706.50+132824.99,4497414466452138496,66.11036115185362,15.126,14.71646865,1.1504936,DA,H,5022.0,0.571,5.59,,,
WDJ181745.57-133531.54,4146666271458052352,30.73855177216986,32.532,14.54131701,0.7599716,DA,H,6002.0,0.817,4.93,,,
WDJ181909.96-193438.00,4094555467661923328,25.32803118076205,39.482,15.19516216,1.4022369,DC,H,4448.0,0.566,7.96,,,
WDJ181959.24+173919.13,4523585076572785408,29.238794593694085,34.201,14.99513932,1.177494,DC,H,4967.0,0.662,7.71,MS,2,
WDJ182021.81+261936.58,4585067258532443776,25.136013035851267,39.784,15.23607396,1.1003628,DA,H,4971.0,0.777,9.06,,,
WDJ182119.83+610107.38,2158285185808357504,72.95158681123607,13.708,14.71471771,1.1694622,DA,H,4985.0,0.558,5.54,,,
WDJ182147.11+550906.70,2149253075743572224,32.31628800770552,30.944,14.78024735,1.1196041,DA,H,5083.0,0.6,5.84,,,
WDJ182159.54-595148.52,6635520414133666944,33.16230061013863,30.155,14.16016926,1.1997919,DA,H,5029.0,0.374,2.48,,,Double degenerate candidate
WDJ182228.37-653738.06,6437614815119680768,27.881315725591048,35.866,14.75461432,1.0840511,DA,H,5160.0,0.63,5.92,,,
WDJ182347.60-112347.38,4154063678315488640,27.7131512340902,36.084,14.37180256,0.8722706,DA,H,5668.0,0.637,3.47,,,
WDJ182359.62+202248.81,4528439381757452928,25.983609011559857,38.486,14.91234536,1.1149502,DC,H,5103.0,0.676,7.15,MS,2,
WDJ182404.55-130842.29,4152557420406043264,52.46918029121872,19.059,13.9991674,0.7300167,DAZ,H,6079.0,0.601,2.34,,,
WDJ182417.72+120945.86,4484277256704949376,30.474289666049742,32.815,14.77956596,1.0546398,DA,H,5219.0,0.662,6.15,,,
WDJ182458.45+121316.82,4484289866726156160,25.020714874169244,39.967,15.51868957,1.5426884,DZ,He,4417.0,0.633,7.66,,,
WDJ182524.24+113557.34,4484184592790777728,50.9211557107518,19.638,14.83449626,1.1451626,DA,H,5022.0,0.604,6.32,,,
WDJ182624.44+112049.58,4483974792231866624,37.05524967317251,26.987,14.80592872,1.1526756,DA,H,5027.0,0.591,6.01,MS,2,
WDJ182909.86-042935.49,4257461275049675008,38.75868769376996,25.801,12.48422532,0.24830818,DAZ,H,8993.0,0.576,0.79,,,
WDJ182951.89-053623.17,4257063458004688896,25.195209407880572,39.69,14.39013086,0.87604713,DA,H,5630.0,0.635,3.54,WD,2,
WDJ182952.07-053622.88,4257063453704172416,25.096873878343093,39.846,13.81864714,0.57453537,DC,He,6601.0,0.637,2.24,WD,2,
WDJ183020.27+544727.21,2150504594853811456,58.70115957870829,17.035,14.2942654,0.57965755,DXP,H,6711.0,0.897,4.38,,,
WDJ183158.72+465828.98,2118649750133781376,42.87431405136569,23.324,13.24681192,0.45443344,DA,H,7396.0,0.602,1.39,,,
WDJ183351.29-694203.57,6432020637402543616,30.385735000990085,32.91,12.03314973,0.36362362,DA,H,8010.0,0.338,0.61,,,Double degenerate candidate
WDJ183352.68+321757.25,4589139574728058880,25.39533259754041,39.377,13.08444753,0.34763432,DZA,He,7743.0,0.634,1.44,,,
WDJ183358.35+194552.99,4525569007873380736,25.468757571315738,39.264,13.3712768,0.41298294,DQ,He,7236.0,0.566,1.47,,,
WDJ183518.23+642117.68,2256410856215182464,33.08560649612383,30.225,14.9747615,1.1424656,DC,H,5028.0,0.674,7.57,,,
WDJ183852.85-441631.32,6709854989379725056,29.56894173262197,33.819,14.59175591,0.8828926,DA,H,5590.0,0.711,4.87,,,
WDJ183856.35-535726.05,6651133479247436032,27.968117024648482,35.755,14.77781814,1.0410614,DA,H,5232.0,0.67,6.21,,,
WDJ184228.68-615153.66,6631915390382416256,38.97532368864952,25.657,12.59742565,0.16040325,DC,He,9194.0,0.59,0.84,,,
WDJ184257.75-110853.18,4107012041007171456,41.39989256375489,24.155,12.26051407,0.16871262,DA,H,9746.0,0.598,0.67,MS,2,
WDJ184325.72+042022.83,4280632829779587072,40.18727540946696,24.883,12.77243182,0.27330303,DA,H,8797.0,0.663,1.02,,,
WDJ184506.32-364113.39,6730516225919672704,39.01591957020655,25.631,13.97274924,0.6410446,DC,He,6312.0,0.626,2.53,,,
WDJ184650.69-452139.33,6705845452725619072,35.59775341256576,28.092,14.89822795,1.1586304,DC,H,4994.0,0.626,6.92,,,
WDJ184700.42+181107.49,4512265810525783680,34.48687938632927,28.997,13.02055049,0.2262659,DA,H,8541.0,0.717,1.26,,,
WDJ184733.18+282057.54,4539227892919675648,25.00183655108982,39.997,15.42935056,1.2016392,DC,H,4900.0,0.843,9.72,,,
WDJ184741.53+122631.75,4504577986571873280,34.66285952309895,28.849,12.75501694,0.14861298,DA,H,10052.0,0.837,1.1,,,
WDJ184907.50-073619.82,4252064631569619712,28.472628830670313,35.121,14.12593383,0.6394291,DC,He,6286.0,0.689,3.25,MS,2,
WDJ184947.86-095744.38,4203108841963846016,30.607259498561366,32.672,11.74703623,-0.017565727,DA,H,12133.0,0.636,0.41,,,
WDJ185005.58-285117.29,6761581964903088256,28.31242408817808,35.32,14.59143427,1.0481586,DA,H,5391.0,0.639,4.61,,,
WDJ185105.72+773837.50,2292861388958880640,32.843771451182356,30.447,14.61714811,1.0411644,DCP,He,5211.0,0.566,5.15,,,
WDJ185517.99+535923.18,2146645790077864704,35.69802710499613,28.013,15.09502107,1.2606163,DC,H,4812.0,0.636,7.97,,,
WDJ185709.09-265059.22,4073522222505044224,25.31035146032523,39.51,13.37247888,0.51930237,DA,H,7020.0,0.573,1.49,MS,2,
WDJ185713.94+202628.60,4518917168694695168,30.664021808718655,32.612,14.02964258,0.60029984,DA,H,6616.0,0.764,3.29,,,
WDJ185730.18+335725.78,2092134443120038528,32.9424428214072,30.356,12.222923,0.012500763,DA,H,11904.0,0.814,0.66,,,
WDJ185739.34+533033.30,2146576589564898688,40.39310935403938,24.757,14.97379343,1.2118263,DC,H,4896.0,0.617,7.28,MS,3,
WDJ185934.75-162656.29,4088653838978654336,25.85682973577344,38.675,12.93729838,0.3696432,DA,H,7995.0,0.591,1.11,,,
WDJ190010.25+703951.42,2262849634963004416,77.66955060572354,12.875,12.69684496,-0.022785187,DAH,H,12540.0,1.029,1.09,,,
WDJ190255.35-044012.64,4254454797960984192,28.57920320291943,34.99,15.23350358,1.2386112,DC,H,4813.0,0.712,9.02,,,
WDJ190525.34-495625.77,6658005048964693760,33.822647993477126,29.566,12.20503203,0.033773422,DZ,He,10917.0,0.687,0.67,,,
WDJ191100.25-382031.89,6718079679950008704,35.693275175071356,28.016,15.357037,1.4940834,DC,H,4328.0,0.593,8.89,,,
WDJ191144.26-272954.76,6763036202147206912,28.87200948122916,34.636,11.94038806,0.001824379,DB,He,11475.0,0.595,0.47,,,
WDJ191246.12+024239.11,4268167357267580160,31.423589860246384,31.823,13.99828199,0.59796715,DZ,He,6466.0,0.683,2.87,,,
WDJ191248.57+534313.45,2140481412496465152,45.10856274327606,22.169,11.51843895,-0.2016201,DA,H,17190.0,0.795,0.22,,,
WDJ191316.54+294928.33,2039140284770609152,26.96819448194644,37.081,14.09232736,0.7074814,DA,H,6197.0,0.675,2.9,,,
WDJ191338.68+133627.36,4320094439580536320,29.64811045537169,33.729,11.4548751,-0.096375465,DA,H,13757.0,0.6,0.26,MS,2,
WDJ191435.99+142825.88,4320303621677848832,25.55995590389446,39.124,13.7464405,0.5588455,DA,H,6842.0,0.692,2.19,,,
WDJ191647.11+804430.04,2295446546953958272,28.23374984233122,35.419,14.66839781,0.98934746,DA,H,5360.0,0.663,5.24,,,
WDJ191858.23-434920.40,6664729284121316864,29.09715161409304,34.368,15.31295638,0.9132042,DC,He,5403.0,0.945,6.99,,,
WDJ191858.63+384321.48,2052891361294411520,84.24434883357806,11.87,14.09643189,0.6377926,DC,He,6310.0,0.683,3.14,,,
WDJ191936.23+452743.55,2127093140445053696,35.63902364485457,28.059,14.19808599,1.191021,DA,H,5039.0,0.384,2.53,,,Double degenerate candidate
WDJ192002.82-361102.65,6742379406616165376,26.93593428627298,37.125,10.71711622,-0.28495502,DB,He,21963.0,0.682,0.06,,,
WDJ192034.92-074000.07,4201781696994073472,95.17577811152343,10.507,12.14612518,0.03678894,DBQA,He,10805.0,0.612,0.57,MS,2,
WDJ192126.76+061322.71,4293873732939569920,55.10270735394486,18.148,14.29157469,0.78135395,DA,H,5902.0,0.675,3.46,,,
WDJ192140.42+144041.40,4319908862597055232,50.307603765615106,19.878,11.52711016,-0.1453228,DA,H,15162.0,0.704,0.25,,,
WDJ192206.20+023313.29,4288942973032203904,25.37754916372097,39.405,16.14175839,0.7534504,DZ,He,,,,,,IR-faint white dwarf with collision-induced absorption in the infrared. Multiple solutions for Gaia stellar parameters
WDJ192359.24+214103.62,2018864362679341824,28.2020421169934,35.458,11.91629278,0.29414177,DA,H,8773.0,0.384,0.54,,,Double degenerate candidate
WDJ192626.93+462015.10,2127566548919332608,29.708664431972874,33.66,13.19555464,0.35276222,DA,H,8149.0,0.725,1.46,,,
WDJ192724.75+564455.34,2142307563871222912,31.453672385861786,31.793,14.19933279,0.6190891,DA,H,6551.0,0.815,3.92,,,
WDJ192743.10-035555.23,4213409341688406912,41.925119657022975,23.852,13.61900455,0.5265045,DZ,He,6848.0,0.615,1.89,,,
WDJ192938.65+111752.41,4314903198513595776,27.32572636218529,36.596,10.67360058,-0.2800541,DA,H,20415.0,0.595,0.05,MS,2,
WDJ193019.71-005730.56,4215241712185612544,28.493859008495786,35.095,13.42929836,0.35454845,DC,He,7601.0,0.667,1.63,,,
WDJ193538.63-325225.56,6744843579679059968,29.274788275831405,34.159,14.53069581,0.99137497,DZAH,H,5369.0,0.605,4.06,,,
WDJ193618.58+263255.79,2024985481361040384,33.17633880912521,30.142,11.28879029,-0.33520412,DA,H,24229.0,0.949,0.12,,,
WDJ193713.75+274318.74,2025389380082340992,54.77671608585927,18.256,11.75426896,-0.012428284,DA,H,12022.0,0.633,0.42,,,
WDJ193955.83+661856.08,2248748668919802496,28.411101137293127,35.198,14.96836033,1.0263214,DC,He,5199.0,0.727,6.8,,,
WDJ194008.62+834857.77,2301882675705225472,27.985135012397926,35.733,15.50910803,1.2287102,DC,H,4905.0,0.883,9.83,,,
WDJ194454.70-360310.92,6740493675455190784,33.772243270545864,29.61,11.70815154,-0.061418533,DA,H,13084.0,0.672,0.36,,,
WDJ194522.76-490420.23,6671045050707117568,29.114998874188032,34.347,15.30672389,1.4006348,DC,H,4536.0,0.62,8.71,,,
WDJ194530.33+465006.84,2080526555267049984,34.77257375541674,28.758,14.87856818,1.164648,DA,H,4996.0,0.613,6.66,WD,2,
WDJ194530.35+465015.52,2080526555267050496,34.71155822672623,28.809,14.67164055,0.96128845,DA,H,5435.0,0.693,5.33,WD,2,
WDJ194549.13-153135.63,4181798519823760256,32.34600723053907,30.916,12.2226334,-0.01789093,DA,H,12377.0,0.85,0.64,,,
WDJ194923.50+074731.69,4298029268399256704,27.371463891321117,36.534,12.55444413,0.22379208,DA,H,9245.0,0.645,0.86,,,
WDJ195003.62+003357.09,4240231824768647040,27.86770911656514,35.884,14.06268334,0.8013115,DA,H,5834.0,0.552,2.3,,,
WDJ195119.15+420941.40,2078430778727685632,26.02870801293099,38.419,14.82749006,1.0815125,DA,H,5200.0,0.673,6.48,,,
WDJ195151.76+402629.07,2073772770741915264,25.03227350803417,39.948,15.10646148,1.1136265,DC,He,5051.0,0.733,7.2,,,IR-faint white dwarf with collision-induced absorption in the infrared. Multiple solutions for Gaia stellar parameters
WDJ195211.78-732235.48,6368021054841781376,31.175107122096428,32.077,17.13143677,1.1734409,DC,He,,,,,,IR-faint white dwarf with collision-induced absorption in the infrared. Multiple solutions for Gaia stellar parameters
WDJ195629.23-010232.67,4235280071072332672,86.46580129657241,11.565,13.27540485,0.39505768,DAH,H,7790.0,0.698,1.54,,,
WDJ195639.81-511544.83,6666783962114636288,31.648831880322557,31.597,15.13648343,1.2490273,DC,H,4799.0,0.655,8.33,,,
WDJ200348.80-474800.18,6670827416123874688,32.733902460119374,30.549,14.03324692,0.7721195,DA,H,5915.0,0.563,2.28,,,
WDJ200445.49+010929.21,4237555506083389568,30.91104286964033,32.351,14.17149029,0.5955658,DA,H,6642.0,0.826,3.88,MS,4,
WDJ200534.87-105654.43,4190813690536580608,57.81496694057579,17.297,15.47935141,1.2799196,DC,H,4713.0,0.797,10.01,,,
WDJ200610.36-435554.45,6673731810450381056,25.363127139024556,39.427,12.70103699,0.23737144,DA,H,9131.0,0.687,0.98,,,
WDJ200632.25-210142.90,6865904860773722496,25.579794386997083,39.093,14.66638725,1.0610027,DA,H,5218.0,0.611,5.12,,,
WDJ200654.88+614310.27,2237893023118101504,30.011281626832208,33.321,13.74386971,0.96748734,DA,H,5448.0,0.359,1.71,,,Double degenerate candidate
WDJ200707.98-673442.18,6424223313252632576,26.000873352682163,38.46,13.53610368,0.39961815,DAH,H,7768.0,0.801,2.2,,,
WDJ200850.81-161943.62,6874124023727679104,26.012661567586594,38.443,14.83052995,0.85930824,DC,He,5568.0,0.791,6.19,,,
WDJ201017.52-214645.80,6853784501721502720,37.159250812763176,26.911,12.22310675,0.17257881,DA,H,9720.0,0.582,0.66,,,
WDJ201056.85-301306.63,6749419923164242816,61.69348763255287,16.209,11.20998361,-0.15526962,DA,H,15124.0,0.579,0.18,,,
WDJ201216.01-221023.03,6853523539508720000,28.092865786696006,35.596,14.58163222,0.86527824,DC,He,5551.0,0.674,5.31,,,
WDJ201222.27+311348.88,2053953008490747392,32.50904134365335,30.761,12.33309881,-0.22787666,DBP,He,18365.0,1.135,0.54,,,
WDJ201231.78-595651.67,6443365570172526848,60.795117719634625,16.449,14.55212452,0.91399,DC,He,,,,,,IR-faint white dwarf with collision-induced absorption in the infrared. Multiple solutions for Gaia stellar parameters
WDJ201248.76-465902.59,6672244029484054272,36.0271009770449,27.757,14.15138858,0.8136053,DA,H,5813.0,0.585,2.54,,,
WDJ201355.68+064244.83,4249667902270614272,43.57360725110433,22.95,13.86040157,0.56529045,DC,He,6646.0,0.667,2.44,,,
WDJ201530.35+000111.80,4230380819051252736,39.26401056209517,25.469,14.99936129,1.1225014,DC,H,5032.0,0.689,7.78,,,
WDJ201649.72-794553.12,6361559602963567744,41.40794678918845,24.15,14.25739648,0.88187885,DA,H,5605.0,0.572,2.76,,,
WDJ201722.68-401043.73,6692573110423893376,25.317306193182493,39.499,14.81534547,1.139246,DZA,H,5083.0,0.622,6.28,,,
WDJ201756.19-124639.44,6879524790480960896,35.62797473990114,28.068,15.37438568,1.1829071,DC,H,4928.0,0.832,9.57,,,
WDJ202011.65-382445.66,6693352488073255936,35.52576128593937,28.149,13.93233197,0.4695263,DA,H,7290.0,0.871,3.39,,,
WDJ202016.78-652523.10,6429048245152936320,25.985871774911487,38.482,14.23147046,0.6691189,DAZ,H,6342.0,0.779,3.91,,,
WDJ202025.46-302714.65,6797171060323993728,57.27289689365631,17.46,12.38668275,0.09788132,DC,He,9934.0,0.607,0.71,,,
WDJ202030.93-420256.74,6680097978480311040,25.019580062122905,39.969,13.55504008,0.4557476,DQ,He,6969.0,0.585,1.69,,,
WDJ202157.83+545438.25,2185261016407220224,26.34657296786822,37.956,14.33926066,0.73661804,DC,He,5956.0,0.675,3.95,,,
WDJ202221.70+833355.41,2302010356492847744,25.83262187610003,38.711,14.25421144,0.7688923,DC,He,5837.0,0.609,3.5,,,
WDJ202748.03-563031.58,6468965052723781888,27.991742255312733,35.725,15.49888465,1.4622536,DZ,H,4356.0,0.639,9.53,,,
WDJ202749.54-430115.21,6679105566157898880,47.017877602594595,21.269,15.54151911,1.1491737,DC,H,4966.0,0.93,9.72,,,
WDJ202837.91-060842.77,4217793816094052480,28.090753744074537,35.599,12.44784396,0.03755951,DA,H,11335.0,0.858,0.84,,,
WDJ202956.94-643420.13,6429465338016396928,26.786847343667503,37.332,13.40102801,0.40101814,DQ,He,7287.0,0.593,1.53,,,
WDJ203100.56-145041.38,6875432476922523520,26.421470099614655,37.848,15.44604889,1.2147026,DC,H,4819.0,0.822,9.84,,,
WDJ203102.15+393454.05,2064284054100290048,28.406371692673495,35.203,15.14315283,1.2526455,DC,H,4801.0,0.65,8.25,,,
WDJ203109.57-165841.93,6862687522250677376,43.8252568096078,22.818,14.30112535,0.9045048,DAZ,H,5513.0,0.556,2.78,,,
WDJ203321.86+395409.76,2064689567732385792,48.20099105867645,20.746,14.63974384,0.78319645,DA,H,5908.0,0.829,5.25,,,
WDJ203421.89+250349.75,1831553382794173824,67.40845955050386,14.835,10.68014601,-0.2754326,DAZ,H,20145.0,0.587,0.05,,,
WDJ203841.42-364913.60,6683212727417918848,31.603497428504554,31.642,12.39306073,0.19625187,DA,H,9500.0,0.617,0.75,,,
WDJ204234.75-200435.94,6857939315643803776,45.93297534758786,21.771,10.68853389,-0.2632227,DA,H,19507.0,0.568,0.06,,,
WDJ204349.21-390318.02,6681773947733560192,42.835439744302434,23.345,11.90487215,0.042411804,DA,H,11228.0,0.632,0.5,,,
WDJ204421.46-680521.36,6424566979354709248,51.09919524779962,19.57,11.8815453,-0.18100452,DA,H,16420.0,0.905,0.34,,,
WDJ204832.02+511047.25,2169971345155578752,25.81926394084028,38.731,14.89718229,1.1653557,DC,H,5031.0,0.633,6.84,,,
WDJ204906.70+372814.05,1871118140493076224,56.86464999528999,17.586,11.81000585,-0.12300396,DAP,H,14710.0,0.796,0.35,,,
WDJ204911.00-544617.50,6470278694244646912,25.478978250969046,39.248,13.02511304,0.4296379,DA,H,7552.0,0.541,1.14,,,
WDJ205020.65+263040.76,1844125748497557632,52.2405887964418,19.142,13.98261532,1.125413,DA,H,5154.0,0.357,2.08,,,Double degenerate candidate
WDJ205050.50-612235.61,6454251250683840896,29.141595455010595,34.315,14.09770363,0.5315094,DA,H,6962.0,0.871,3.82,,,
WDJ205059.90-245203.79,6805808514433280000,37.30838144532712,26.804,13.26767504,0.43614006,DA,H,7512.0,0.635,1.45,,,
WDJ205213.41-250415.13,6805792571514600960,55.61070406267471,17.982,14.75654597,1.1290445,DCP,H,5048.0,0.584,5.7,,,
WDJ205216.84-220633.42,6808651507904773888,49.208390883803354,20.322,13.39546482,0.32534218,DCP,He,7811.0,0.693,1.6,,,
WDJ205442.80-203925.93,6857295585945072128,31.972417854804814,31.277,12.6427644,-0.26127625,DAH,H,20362.0,1.222,0.58,,,
WDJ205647.78-045039.54,6913810483611035776,61.76040049605228,16.192,15.30045352,1.3413506,DC,H,4606.0,0.652,8.97,MS,2,
WDJ205944.90+551730.02,2188860027203347968,43.95969839109637,22.748,15.27677752,1.311121,DC,H,4690.0,0.674,8.97,,,
WDJ210031.31+505117.73,2169025009235266816,29.38191682032395,34.035,12.40457962,0.18918419,DA,H,9622.0,0.637,0.76,,,
WDJ210105.20-490624.27,6478328218869704192,74.94562437295559,13.343,14.63577541,1.0447035,DA,H,5219.0,0.601,4.92,MS,2,
WDJ210144.81+314839.47,1864760695541016832,31.021951538103117,32.235,12.45712958,0.1187067,DQ,He,9851.0,0.614,0.74,,,
WDJ210202.67+191257.67,1789361097242243584,30.517760623185413,32.768,13.65623831,0.59209824,DA,H,6666.0,0.608,1.86,,,
WDJ210212.07+245736.37,1841254644460354688,35.6744079808157,28.031,14.19980887,0.75572395,DA,H,6013.0,0.667,3.12,,,
WDJ210222.23-482749.59,6479860113444922368,26.05302372799561,38.383,12.05403768,0.25838757,DA,H,8869.0,0.429,0.59,,,Double degenerate candidate
WDJ210632.02-393556.68,6774018369099513216,39.59629445672317,25.255,13.22213873,0.3924942,DA,H,7804.0,0.675,1.45,,,
WDJ210646.77+010635.24,2690697646876721152,25.990593262581598,38.475,13.93526396,0.7276287,DA,H,6096.0,0.578,2.19,,,
WDJ210745.04+074044.48,1737167215848315264,26.072175267185923,38.355,13.42106233,0.5034275,DA,H,7103.0,0.612,1.59,,,
WDJ210854.87-031202.98,6912866381081015552,28.532184783053495,35.048,14.53844714,0.9669666,DC,He,5339.0,0.584,4.94,,,
WDJ211050.04-212922.52,6831993452567326592,31.387970870480295,31.859,14.1256352,0.7594757,DA,H,5970.0,0.622,2.67,,,
WDJ211240.64-292217.96,6788656957673130112,30.49476296128998,32.793,12.53787631,0.11712837,DZQ,He,9773.0,0.716,0.95,,,
WDJ211316.85-814912.88,6348672845649310464,61.808662503533576,16.179,12.56115873,0.15435982,DAZH,H,9914.0,0.751,0.92,,,
WDJ211328.93+072704.19,1739921801713625600,34.038319081335814,29.379,13.70393253,0.6692724,DA,H,6307.0,0.537,1.8,,,
WDJ211345.93+262133.27,1841683423932168832,31.555599964989078,31.69,12.11815721,0.3486576,DA,H,8201.0,0.375,0.63,,,Double degenerate candidate
WDJ211856.26+541241.24,2176116580055936512,57.764273032111554,17.312,11.20150056,-0.14059639,DA,H,14785.0,0.555,0.18,,,
WDJ211936.53-555014.47,6462911897617050240,39.90801402525795,25.058,12.27874458,0.18682766,DAZ,H,9529.0,0.579,0.69,,,
WDJ212042.15+581923.35,2191146977029443584,25.79750445985154,38.763,12.94398348,0.35625076,DA,H,8159.0,0.614,1.11,,,
WDJ212121.30-255716.33,6791196382856581376,40.776809267560395,24.524,10.9718522,-0.2538805,DA,H,19206.0,0.662,0.09,,,
WDJ212147.85-013032.20,2685959542034846464,28.466963732042146,35.128,13.74288974,0.6315918,DA,H,6474.0,0.601,1.98,,,
WDJ212205.59-383834.68,6583325635088476544,42.74947275792763,23.392,14.49304081,1.0486422,DC,He,5175.0,0.55,5.08,,,
WDJ212212.35+041356.77,2693095097621419648,41.29650575679993,24.215,14.61742353,1.109045,DA,H,5105.0,0.559,4.73,,,
WDJ212602.02-422453.76,6578917727331681536,39.095492827700156,25.578,13.72050546,0.8946085,DC,He,5554.0,0.392,2.21,,,Double degenerate candidate
WDJ212625.46+551332.38,2177776331525931136,29.66018429980513,33.715,12.11938823,-0.052161217,DA,H,13073.0,0.84,0.54,,,
WDJ212657.66+733844.66,2274076297221555968,44.99172121775193,22.226,11.15299004,-0.15297031,DA,H,15127.0,0.552,0.16,WD,2,
WDJ213343.31+830332.43,2300234782654298624,37.85468226443516,26.417,10.93711103,-0.21788406,DA,H,17488.0,0.579,0.1,,,
WDJ213343.70+241457.72,1797472370615364992,28.534344946925525,35.045,14.36436754,0.6536751,DA,H,6433.0,0.851,4.45,,,
WDJ213424.51+365519.95,1951870157081161216,25.35548579839861,39.439,13.35135568,0.4437523,DA,H,7556.0,0.669,1.55,,,
WDJ213517.95+463318.21,1977417206686680704,25.620630154692385,39.031,14.82871304,1.1884975,DA,H,5044.0,0.6,6.11,MS,2,
WDJ213616.39-131834.50,6842831888437047680,42.72462937260394,23.406,11.80740052,0.14475632,DA,H,9928.0,0.465,0.47,,,Double degenerate candidate
WDJ213721.24-380838.22,6585792870460638336,30.891736629457768,32.371,13.99004062,0.5250912,DC,He,6856.0,0.775,3.16,,,
WDJ213849.48-404127.74,6578616598584224640,30.836625351317657,32.429,10.96408222,-0.2501049,DA,H,19013.0,0.651,0.09,,,
WDJ213957.13-124549.09,6844375121726139520,27.214815353387,36.745,13.58126496,0.38370323,DA,H,7914.0,0.845,2.46,,,
WDJ214023.96-363757.44,6589369272547881856,25.094679902885137,39.849,12.9680403,-0.08707142,DQ (warm),He,13294.0,1.11,1.28,,,
WDJ214157.57-330029.80,6592315723192176896,62.070431106683316,16.111,13.41233881,0.4237051,DZAH,He,7113.0,0.657,1.89,,,
WDJ214241.01+205958.12,1792830060723673472,90.54537622087194,11.044,12.95900339,0.23365974,DQ,He,8495.0,0.632,1.13,,,
WDJ214254.49+080527.35,2701893698904233216,33.449721324571804,29.896,14.67483452,1.1795044,DA,H,4987.0,0.544,5.2,,,
WDJ214324.09-065947.99,2667464656943675392,55.09641571877749,18.15,13.22953673,0.26084995,DA,H,8905.0,0.868,1.79,,,
WDJ214756.59-403527.79,6584418167391671808,35.79038990362896,27.94,17.72812415,1.9252586,DZQH,He,,,,,,IR-faint white dwarf with collision-induced absorption in the infrared. Multiple solutions for Gaia stellar parameters
WDJ214913.61+041550.35,2696628687474414208,28.49346191916868,35.096,13.92154409,1.0241013,DA,H,5324.0,0.383,1.95,,,Double degenerate candidate
WDJ214954.57+281659.59,1800298527816525824,28.778038816406326,34.749,11.90095997,-0.00891304,DB,He,11808.0,0.603,0.44,,,
WDJ215008.33-043900.36,2669936427801840256,28.170978842640096,35.498,15.02364469,0.9406662,DC,He,5357.0,0.813,6.85,,,IR-faint white dwarf with collision-induced absorption in the infrared. Multiple solutions for Gaia stellar parameters
WDJ215140.11+591734.85,2202703050401536000,118.15513655131949,8.463,14.73536803,1.05058,DAH,H,5202.0,0.64,5.84,MS,2,
WDJ215225.38+022319.58,2693940725141960192,44.32554473415862,22.56,11.01002041,-0.21663284,DAZ,H,17508.0,0.608,0.11,,,
WDJ215406.45-011709.55,2679976510857026048,39.183229490258725,25.521,12.46040614,0.528389,DA,H,,,,,,Gaia photometry contaminated by nearby MS star
WDJ215500.60-275038.15,6617996741403360128,42.54106742188578,23.507,14.42301491,0.9061947,DC,He,5462.0,0.573,4.33,,,
WDJ215738.36-510031.52,6558209044297239424,67.3023587798894,14.858,13.65637143,0.5812311,DQP,He,6549.0,0.555,1.85,MS,2,
WDJ215759.55+270519.13,1892992267183979776,27.050299199005078,36.968,14.98725937,1.3096008,DC,H,4741.0,0.576,7.1,,,
WDJ215839.14-023916.44,2676567307551465088,35.67030213187298,28.035,14.85570694,1.1559105,DC,H,5010.0,0.611,6.54,WD,2,
WDJ215847.13-024024.42,2676566272464334720,35.73985670231318,27.98,14.91568503,1.2168541,DC,H,4901.0,0.59,6.74,WD,2,
WDJ220045.37-571123.28,6412251624488840448,34.04527197548114,29.373,13.50372504,0.50228786,DAZ,H,7114.0,0.651,1.74,,,
WDJ220052.62+582202.29,2199371701965748992,26.290988765893182,38.036,14.4194976,0.9168949,DA,H,5553.0,0.615,3.44,,,
WDJ220253.65+023741.53,2683452758602312192,33.36473668359621,29.972,14.46794151,0.8218975,DA,H,5783.0,0.717,4.34,,,
WDJ220420.86-751326.06,6358158435541361792,52.55356615073231,19.028,13.59154796,0.26006794,DA,H,8875.0,0.999,2.75,,,
WDJ220437.98-312713.76,6613289285448236288,40.68647932612694,24.578,14.94766556,1.1811218,DA,H,4953.0,0.632,7.26,,,
WDJ220552.11-665934.73,6397887600292497408,31.817014162930548,31.43,14.40147511,0.99739456,DAH,H,5352.0,0.54,3.01,,,
WDJ220655.28-600135.32,6409446323650635264,26.818585573027924,37.288,14.68426535,1.0884228,DA,H,5158.0,0.593,5.15,,,
WDJ220751.81+342845.79,1900382604528495744,25.1555820773693,39.753,12.15798685,0.13365364,DA,H,10295.0,0.62,0.61,,,
WDJ220947.10+142947.13,2735175263041913088,36.81069130204574,27.166,13.34279087,0.4208393,DA,H,7630.0,0.692,1.6,,,
WDJ221153.92+564946.77,2198431172852758656,26.433202563749642,37.831,11.23691192,-0.18783855,DA,H,16833.0,0.659,0.16,MS,2,
WDJ221217.96-142945.98,2600033326799287296,26.32629723583775,37.985,12.0983959,0.40153027,DA,H,7742.0,0.322,0.64,,,Double degenerate from 2020A&A...638A.131N (ESO SPY)
WDJ221408.94+372713.33,1955134710179436672,34.25887086709693,29.19,14.49674523,0.61587334,DCP,He,6424.0,0.878,4.37,,,
WDJ221434.75-385907.27,6573778541262656256,55.07638243122623,18.157,14.48804703,0.7336292,DA,H,6063.0,0.816,4.79,,,
WDJ221747.62+370750.92,1907041590544054656,49.22495919851993,20.315,15.26244282,1.3313503,DC,H,4634.0,0.645,8.77,,,
WDJ221800.59+560214.92,2006217676803960960,25.405615248301334,39.361,15.05849258,1.3550816,DC,H,4637.0,0.569,7.35,,,
WDJ221851.14+483929.00,1999615350008375552,25.26221981661823,39.585,13.00296055,0.49506664,DA,H,7206.0,0.467,1.09,,,Double degenerate candidate
WDJ221948.31-652917.49,6404417771644764160,39.16966647297012,25.53,12.46371937,0.10649586,DZ,He,9821.0,0.694,0.89,,,
WDJ222233.82+122142.65,2730707260103011712,25.996176268460907,38.467,15.44084937,1.5047302,DC,H,4415.0,0.633,9.28,,,
WDJ222547.07+635727.37,2205493129867600256,26.32583675563172,37.985,14.58019392,1.0591259,DC,He,5187.0,0.536,4.82,,,
WDJ222802.06+120733.38,2730508416002618752,29.48847601584292,33.912,13.54972164,0.4138975,DZ,He,7189.0,0.723,2.32,,,
WDJ222933.96+232742.24,1875613386395668864,27.370349864309038,36.536,14.99253474,1.0916176,DA,H,5153.0,0.732,7.69,,,
WDJ223033.53-751524.30,6357629089412187648,66.50946818877851,15.035,15.55747538,1.5276613,DC,H,4147.0,0.621,9.81,WD,2,
WDJ223039.98-751355.24,6357630601240673792,66.47070776146106,15.044,15.29847952,1.4253864,DC,H,4426.0,0.605,8.83,WD,2,
WDJ223055.62+152353.66,2736054627915080448,25.953928762056144,38.53,14.73627354,0.9716797,DA,H,5429.0,0.719,5.78,,,
WDJ223059.16+225454.09,1875301369907249024,32.26884686363105,30.99,14.50830723,0.7833023,DC,He,5781.0,0.706,4.87,,,
WDJ223418.67-553403.40,6505318682415051520,26.507830186704645,37.725,14.9823289,1.2503395,DC,H,4857.0,0.602,7.2,,,
WDJ223418.83+145654.42,2733055335904034432,29.52235256470349,33.873,13.85451981,0.68044853,DA,H,6294.0,0.597,2.11,MS,2,
WDJ223601.50-554852.02,6505113009316709760,31.342372852632206,31.906,14.72728536,1.0262413,DZ,He,5220.0,0.627,5.85,,,
WDJ223607.66-014059.65,2628943473222829440,25.629882923568882,39.017,12.74235611,0.14880943,DAH,H,10019.0,0.832,1.09,,,
WDJ223634.58-432911.11,6520844168856463104,33.000582119530456,30.302,13.747941,0.68560505,DA,H,6244.0,0.539,1.85,,,
WDJ223700.03-542241.81,6506903598362207872,33.93425187849354,29.469,12.8559824,0.33879948,DA,H,8223.0,0.599,1.05,,,
WDJ224157.63+133239.12,2731866347221858432,28.018180274496682,35.691,14.39903963,0.7633419,DA,H,5974.0,0.737,4.15,,,
WDJ224905.55+223631.99,2836609093355562496,56.08437039953461,17.83,13.11460824,0.11547756,DA,H,10534.0,1.021,1.85,,,
WDJ225123.02+293944.49,1884744525522874880,50.051821712590645,19.979,13.83898444,0.8598099,DA,H,5669.0,0.445,1.89,,,Double degenerate candidate
WDJ225257.98+392817.40,1929287700069881856,25.285692732624717,39.548,14.94293228,1.1783504,DC,H,5024.0,0.648,7.16,,,
WDJ225335.70-143828.19,2410908771246898176,27.354849454472994,36.557,14.69597265,0.9741459,DA,H,5384.0,0.688,5.55,,,
WDJ225338.11+813039.98,2286958798223194624,26.657881178995325,37.512,14.78299614,1.0605431,DC,He,5264.0,0.665,6.1,MS,2,
WDJ225353.39-064654.49,2611561706216413696,117.13884218186048,8.537,15.76473364,1.420248,DZ,He,4433.0,0.755,8.43,,,
WDJ225549.47-075002.39,2610488514148351360,27.81335016316558,35.954,13.57616652,0.60055065,DA,H,6612.0,0.562,1.69,MS,2,Double degenerate candidate from 2017MNRAS.467.1414M
WDJ225555.71+054522.59,2711324446359728384,40.32504459144833,24.798,14.06935128,0.76998425,DA,H,5922.0,0.579,2.37,,,
WDJ225725.27+513008.56,1989342372349280384,27.349629742073244,36.564,13.91369426,0.63516235,DA,H,7125.0,0.819,3.13,,,
WDJ230056.46+640815.95,2208530698238308736,27.396659829888286,36.501,15.12476909,1.299881,DC,H,4768.0,0.627,8.0,,,
WDJ230232.34-330907.96,6554977369168846720,28.207252752819613,35.452,15.02677395,1.2389431,DC,H,4867.0,0.631,7.66,,,
WDJ230303.62+463241.98,1936315366080098432,25.293424279639208,39.536,15.33037015,1.220396,DC,H,4870.0,0.778,9.43,,,
WDJ230345.52-371051.56,6552878165248320896,30.89281388045086,32.37,15.45211734,1.4073486,DZ,H,4467.0,0.666,9.58,,,
WDJ230550.09+392232.88,1929838143078434432,27.85637084537078,35.898,15.12983868,0.5391903,DC,He,,,,,,IR-faint white dwarf with collision-induced absorption in the infrared. Multiple solutions for Gaia stellar parameters
WDJ230812.71+241425.53,2842462137347560320,25.002337009641497,39.996,14.83480102,1.1629734,DC,H,5035.0,0.603,6.22,,,
WDJ230840.77-214459.60,2386223463892847872,30.51442511975755,32.771,11.18856296,-0.17856693,DA,H,16050.0,0.612,0.16,,,
WDJ230958.53+550649.43,1996725077535283200,60.89459838316985,16.422,14.52735985,0.9007664,DA,H,5566.0,0.676,4.42,MS,2,
WDJ231022.85-685023.96,6387649708219253248,47.4605098981335,21.07,11.952885,0.038321495,DB,He,10780.0,0.53,0.47,MS,2,
WDJ231206.10+131058.07,2812250821990695936,31.282438774010394,31.967,14.61390802,1.0484829,DA,H,5258.0,0.597,4.57,,,
WDJ231425.18-063247.88,2631876970245863552,38.57857358338997,25.921,13.25625883,0.35123348,DQ,He,7630.0,0.596,1.37,,,
WDJ231518.81-020940.60,2638553754605793408,33.64304526277897,29.724,13.8603125,0.57150173,DZ,He,6634.0,0.665,2.43,,,
WDJ231530.40-144005.68,2407167579853954688,34.64356991865684,28.865,13.18775619,0.26807117,DA,H,8853.0,0.843,1.65,,,
WDJ231726.74+183052.75,2818957013992481280,26.4097423305852,37.865,16.46061082,1.2735405,DZ,He,4756.0,1.181,5.79,,,
WDJ231732.63-460816.77,6527675297155337472,25.98487885256309,38.484,16.39751748,1.8456917,DQpec,He,,,,MS,2,IR-faint white dwarf with collision-induced absorption in the infrared. Multiple solutions for Gaia stellar parameters
WDJ231909.52-061249.96,2631967439437024384,27.549346022634083,36.299,15.04522047,1.3017502,DC,H,4750.0,0.607,7.73,,,
WDJ231935.39-170528.47,2405805697263561600,39.14554778417111,25.546,12.02250487,0.013136864,DBA,He,11263.0,0.608,0.51,,,
WDJ232418.87+283554.82,2869130517001766400,25.576109257386264,39.099,13.32444839,0.487463,DA,H,7251.0,0.597,1.45,,,
WDJ232519.87+140339.61,2813020961166816512,42.483894789910536,23.538,13.95609162,1.0856276,DA,H,5218.0,0.363,2.0,,,Double degenerate candidate
WDJ232606.59+160019.28,2814629409239942272,29.591357603626907,33.794,12.40863945,0.109311104,DC,He,9915.0,0.606,0.71,,,
WDJ232847.64+051454.24,2660358032257156736,57.062001208183894,17.525,11.84412999,0.030276299,DAZ,H,11529.0,0.629,0.46,,,
WDJ233135.66+410130.68,1923682286712356992,28.020644467724075,35.688,11.1255546,-0.18580627,DA,H,16665.0,0.608,0.14,,,
WDJ233145.31-665607.80,6389551313580046464,25.307395472897053,39.514,13.16680726,0.4139347,DA,H,7658.0,0.621,1.33,,,
WDJ233203.52+265846.12,2865535629374939520,34.31347518669618,29.143,12.99441452,0.17844868,DAH,H,9809.0,0.9,1.45,,,
WDJ233536.62-161743.66,2395444208921491456,41.07940673709926,24.343,11.47057281,-0.084918976,DA,H,13507.0,0.593,0.27,,,
WDJ233850.74-074119.97,2439184705619919488,53.58088711025224,18.663,11.9381065,0.06836319,DA,H,10873.0,0.608,0.52,,,
WDJ233852.80-182612.68,2393875961742886656,26.875843211509732,37.208,12.63427249,0.38508034,DA,H,7901.0,0.465,0.86,,,Double degenerate from 2020A&A...638A.131N (ESO SPY)
WDJ233856.32+210118.30,2826254713186397440,25.366648545801482,39.422,14.70429846,1.0112171,DA,H,5316.0,0.661,5.48,MS,3,
WDJ234300.85-644737.90,6485572518732377856,26.891667546595418,37.186,14.14526767,0.81409836,DC,He,5705.0,0.526,2.84,MS,2,
WDJ234315.00-165941.02,2394366515727615104,40.341056748870756,24.789,15.15827035,1.056057,DZ,He,5136.0,0.796,7.28,,,
WDJ234350.72+323246.73,2871730307948650368,53.76190380786143,18.601,11.6192942,-0.043276787,DA,H,12587.0,0.609,0.35,,,
WDJ234612.48+115850.20,2763719512612656000,27.554674460511976,36.291,14.32630242,0.70321846,DC,He,6073.0,0.713,4.02,,,
WDJ234735.13+030431.87,2742789930821144320,39.72482767357154,25.173,14.56324411,1.1024036,DC,H,5129.0,0.547,4.29,,,
WDJ234816.77-442811.76,6531195177474061824,27.393743451381912,36.505,14.86714692,0.9275913,DZ,He,5396.0,0.752,6.48,,,
WDJ234935.57-521528.02,6521660556236440960,32.36258564033391,30.9,14.51717906,0.65473557,DC,He,6246.0,0.844,4.57,,,
WDJ234955.03+293404.02,2867032958053059200,47.7389030880973,20.947,13.97323118,0.80542564,DA,H,5817.0,0.509,2.07,,,
WDJ235231.92-025311.75,2448933731627261824,33.34508699640179,29.989,14.59238927,0.12447548,DA,H,10587.0,1.318,,,,
WDJ235401.07-331631.08,2313836325604479616,43.099606869890664,23.202,12.64811954,0.29198456,DA,H,8559.0,0.574,0.89,MS,3,
WDJ235419.41-814104.96,6350786278796634112,37.10451137426575,26.951,15.06969658,1.3060055,DZH,H,4676.0,0.594,7.76,,,
WDJ235422.99-514930.65,6521875098442800512,32.899269134524666,30.396,15.14981625,1.321312,DC,H,4670.0,0.605,8.0,,,
WDJ235456.28+402729.54,1921351390779081600,45.28594096552742,22.082,13.13235498,0.312006,DQ,He,7902.0,0.596,1.26,,,
